CustomerID,Gender,Age,Annual_Income,Spending_Score,Profession,Work_Experience,Family Size,Spending_Category,Invoice_Number
1,Male,19,15000,39,Healthcare,1,4,Average,458984
2,Male,21,35000,81,Engineer,3,3,High,458994
3,Female,20,86000,6,Engineer,1,1,Low,458994
4,Female,23,59000,77,Lawyer,0,2,High,458997
5,Female,31,38000,40,Entertainment,2,6,Average,458999
6,Female,22,58000,76,Artist,0,2,High,459007
7,Female,35,31000,6,Healthcare,1,3,Low,459008
8,Female,23,84000,94,Healthcare,1,3,High,459008
9,Male,64,97000,3,Engineer,0,3,Low,459009
10,Female,30,98000,72,Artist,1,4,High,459010
11,Male,67,7000,14,Engineer,1,3,Low,459013
12,Female,35,93000,99,Healthcare,4,4,High,459013
13,Female,58,80000,15,Executive,0,5,Low,459020
14,Female,24,91000,77,Lawyer,1,1,High,459024
15,Male,37,19000,13,Doctor,0,1,Low,459024
16,Male,22,51000,79,Healthcare,1,2,High,459027
17,Female,35,29000,35,Homemaker,9,5,Average,459036
18,Male,20,89000,66,Healthcare,1,6,High,459036
19,Male,52,20000,29,Entertainment,1,4,Average,459039
20,Female,35,62000,98,Artist,0,1,High,459039
21,Male,35,96000,35,Homemaker,12,1,Average,459042
22,Male,25,4000,73,Healthcare,3,4,High,459044
23,Female,46,42000,5,Artist,13,2,Low,459045
24,Male,31,71000,73,Artist,5,2,High,459051
25,Female,54,67000,14,Executive,1,3,Low,459069
26,Male,29,52000,82,Artist,1,3,High,459072
27,Female,45,68000,32,Healthcare,9,8,Average,459076
28,Male,35,78000,61,Artist,1,3,High,459081
29,Female,40,18000,31,Artist,0,1,Average,459083
30,Female,23,20000,87,Artist,5,4,High,459083
31,Male,60,39000,4,Artist,0,3,Low,459091
32,Female,21,34000,73,Doctor,1,2,High,459091
33,Male,53,59000,4,Healthcare,1,3,Low,459093
34,Male,18,62000,92,Homemaker,9,7,High,459093
35,Female,49,91000,14,Lawyer,1,2,Low,459099
36,Female,21,95000,81,Healthcare,3,4,High,459109
37,Female,42,14000,17,Doctor,5,1,Low,459114
38,Female,30,62000,73,Healthcare,1,5,High,459114
39,Female,36,9000,26,Artist,8,2,Average,459116
40,Female,20,69000,75,Artist,8,2,High,459121
41,Female,65,25000,35,Artist,4,1,Average,459122
42,Male,24,85000,92,Healthcare,0,2,High,459136
43,Male,48,22000,36,Artist,14,3,Average,459137
44,Female,31,33000,61,Artist,1,2,High,459138
45,Female,49,72000,28,Engineer,8,1,Average,459139
46,Female,24,3000,65,Lawyer,4,2,High,459141
47,Female,50,52000,55,Artist,0,4,High,459160
48,Female,27,71000,47,Healthcare,12,1,Average,459171
49,Female,29,78000,42,Healthcare,0,4,Average,459171
50,Female,31,25000,42,Engineer,1,1,Average,459173
51,Female,49,88000,52,Artist,1,2,High,459175
52,Male,33,97000,60,Artist,1,2,High,459175
53,Female,31,74000,54,Artist,1,1,High,459177
54,Male,59,68000,60,Entertainment,0,2,High,459179
55,Female,50,18000,45,Marketing,1,1,Average,459182
56,Male,47,95000,41,Artist,14,2,Average,459187
57,Female,51,71000,50,Healthcare,9,4,High,459192
58,Male,69,8000,46,Doctor,8,2,Average,459195
59,Female,27,57000,51,Artist,1,3,High,459197
60,Male,53,89000,46,Lawyer,1,6,Average,459198
61,Male,70,84000,56,Artist,0,2,High,459200
62,Male,19,50000,55,Artist,9,2,High,459201
63,Female,67,50000,52,Lawyer,0,3,High,459204
64,Female,54,48000,59,Lawyer,1,2,High,459207
65,Male,63,63000,51,Lawyer,7,2,High,459212
66,Male,18,9000,59,Entertainment,0,2,High,459212
67,Female,43,3000,50,Doctor,0,2,High,459217
68,Female,68,82000,48,Artist,8,4,Average,459219
69,Male,19,81000,59,Artist,0,4,High,459222
70,Female,32,97000,47,Homemaker,2,2,Average,459222
71,Male,70,91000,55,Healthcare,8,2,High,459223
72,Female,47,9000,42,Entertainment,8,2,Average,459223
73,Female,60,44000,49,Artist,0,5,Average,459224
74,Female,60,10000,56,Healthcare,8,4,High,459224
75,Male,59,89000,47,Artist,0,4,Average,459225
76,Male,26,49000,54,Homemaker,0,3,High,459226
77,Female,45,67000,53,Doctor,0,2,High,459228
78,Male,40,99000,48,Artist,4,3,Average,459229
79,Female,23,97000,52,Engineer,2,2,High,459229
80,Female,49,98000,42,,1,1,Average,459231
81,Male,57,52000,51,Healthcare,0,4,High,459245
82,Male,38,61000,55,Healthcare,6,3,High,459247
83,Male,67,120000,41,Artist,8,1,Average,459247
84,Female,46,34000,44,Entertainment,8,4,Average,459248
85,Female,21,24000,57,Marketing,1,3,High,459250
86,Male,48,31000,46,Healthcare,7,5,Average,459253
87,Female,55,11000,58,Artist,0,3,High,459260
88,Female,22,55000,55,Artist,5,2,High,459265
89,Female,34,76000,60,Entertainment,7,3,High,459269
90,Female,50,56000,46,Doctor,0,2,Average,459282
91,Female,68,46000,55,Entertainment,0,3,High,459290
92,Male,18,36000,41,Artist,1,4,Average,459296
93,Male,48,88000,49,Artist,1,2,Average,459296
94,Female,40,31000,40,Entertainment,1,2,Average,459298
95,Female,32,24000,42,Artist,0,1,Average,459302
96,Male,24,80000,52,Artist,10,1,High,459304
97,Female,47,2000,47,Artist,0,1,Average,459308
98,Female,27,67000,50,Artist,0,2,High,459313
99,Male,48,58000,42,Doctor,1,2,Average,459314
100,Male,20,80000,49,Engineer,3,3,Average,459336
101,Female,23,65000,41,Artist,0,4,Average,459337
102,Female,49,4000,48,Executive,1,7,Average,459340
103,Male,67,98000,59,Artist,0,3,High,459346
104,Male,26,52000,55,Executive,0,5,High,459352
105,Male,49,86000,56,Healthcare,10,2,High,459352
106,Female,21,82000,42,Doctor,1,2,Average,459353
107,Female,66,43000,50,Homemaker,3,2,High,459353
108,Male,54,78000,46,Lawyer,1,1,Average,459359
109,Male,68,13000,43,Healthcare,6,5,Average,459369
110,Male,66,13000,48,Healthcare,9,3,Average,459369
111,Male,65,34000,52,Entertainment,4,4,High,459377
112,Female,19,25000,54,Artist,0,1,High,459384
113,Female,38,71000,42,Doctor,1,5,Average,459384
114,Male,19,2000,46,Artist,1,1,Average,459385
115,Female,18,97000,48,Executive,0,3,Average,459385
116,Female,19,51000,50,Executive,8,4,High,459397
117,Female,63,9000,43,Lawyer,1,1,Average,459397
118,Female,49,79000,59,Artist,0,2,High,459402
119,Female,51,84000,43,,2,7,Average,459403
120,Female,50,87000,57,Artist,1,2,High,459403
121,Male,27,36000,56,Executive,0,3,High,459412
122,Female,38,50000,40,Executive,1,4,Average,459412
123,Female,40,97000,58,Engineer,9,4,High,459419
124,Male,39,6000,91,Healthcare,1,3,High,459419
125,Female,23,12000,29,Entertainment,9,2,Average,459421
126,Female,31,46000,77,Marketing,1,2,High,459421
127,Male,43,89000,35,Engineer,0,7,Average,459439
128,Male,40,4000,95,Artist,0,2,High,459439
129,Male,59,38000,11,Engineer,0,2,Low,459443
130,Male,38,64000,75,Entertainment,8,5,High,459445
131,Male,47,66000,9,Executive,9,5,Low,459445
132,Male,39,26000,75,Lawyer,0,2,High,459446
133,Female,25,41000,34,Healthcare,6,4,Average,459450
134,Female,31,45000,71,Artist,5,1,High,459454
135,Male,20,89000,5,Engineer,1,2,Low,459463
136,Female,29,92000,88,Executive,5,5,High,459466
137,Female,44,76000,7,Artist,5,2,Low,459467
138,Male,32,85000,73,Artist,3,4,High,459467
139,Male,19,22000,10,Marketing,8,4,Low,459468
140,Female,35,15000,72,Artist,4,4,High,459483
141,Female,57,32000,5,Engineer,0,2,Low,459484
142,Male,32,66000,93,Artist,0,5,High,459488
143,Female,28,62000,40,Doctor,5,3,Average,459489
144,Female,32,85000,87,Lawyer,1,2,High,459490
145,Male,25,71000,12,Engineer,0,5,Low,459491
146,Male,28,26000,97,Marketing,8,5,High,459500
147,Male,48,52000,36,Engineer,9,2,Average,459501
148,Female,32,38000,74,Lawyer,1,1,High,459502
149,Female,34,51000,22,Healthcare,7,4,Average,459516
150,Male,34,90000,90,Artist,6,3,High,459516
151,Male,43,30000,17,Lawyer,0,9,Low,459518
152,Male,39,41000,88,Engineer,0,1,High,459518
153,Female,44,17000,20,Engineer,0,2,Average,459519
154,Female,38,92000,76,Artist,2,2,High,459521
155,Female,47,80000,16,Healthcare,0,4,Low,459522
156,Female,27,10000,89,Marketing,8,4,High,459527
157,Male,37,16000,1,Executive,1,1,Low,459528
158,Female,30,87000,78,Artist,3,4,High,459534
159,Male,34,66000,1,Lawyer,1,2,Low,459535
160,Female,30,86000,73,Artist,3,3,High,459535
161,Female,56,9000,35,Artist,1,1,Average,459559
162,Female,29,50000,83,Healthcare,1,5,High,459562
163,Male,19,35000,5,Executive,0,5,Low,459567
164,Female,31,58000,93,Healthcare,1,5,High,459567
165,Male,50,47000,26,Doctor,0,2,Average,459578
166,Female,36,54000,75,Artist,5,3,High,459579
167,Male,42,79000,20,Homemaker,9,3,Average,459579
168,Female,33,83000,95,Artist,0,5,High,459582
169,Female,36,57000,27,Artist,0,3,Average,459582
170,Male,32,0,63,Artist,2,2,High,459585
171,Male,40,69000,13,Artist,3,5,Low,459585
172,Male,28,4000,75,Executive,0,2,High,459591
173,Male,36,79000,10,Lawyer,0,2,Low,459591
174,Male,36,99000,92,Artist,5,2,High,459596
175,Female,52,20000,13,Lawyer,0,2,Low,459598
176,Female,30,28000,86,Artist,3,4,High,459606
177,Male,58,29000,15,Engineer,11,1,Low,459607
178,Male,27,45000,69,Healthcare,2,6,High,459618
179,Male,59,86000,14,Healthcare,4,3,Low,459618
180,Male,35,42000,90,Engineer,8,1,High,459623
181,Female,37,59000,32,Artist,7,2,Average,459629
182,Female,32,61000,86,Entertainment,7,5,High,459630
183,Male,46,11000,15,Artist,7,1,Low,459641
184,Female,29,66000,88,Artist,4,4,High,459645
185,Female,41,39000,39,Artist,1,1,Average,459649
186,Male,30,72000,97,Artist,6,2,High,459654
187,Female,54,14000,24,Lawyer,1,2,Average,459655
188,Male,28,44000,68,Doctor,5,3,High,459658
189,Female,41,76000,17,Engineer,8,2,Low,459658
190,Female,36,95000,85,Artist,4,2,High,459668
191,Female,34,92000,23,Artist,5,3,Average,459669
192,Female,32,98000,69,Artist,8,2,High,459670
193,Male,33,96000,8,Executive,9,2,Low,459671
194,Female,38,45000,91,Artist,10,4,High,459672
195,Female,47,8000,16,Artist,7,2,Low,459672
196,Female,35,46000,79,Executive,1,3,High,459677
197,Female,45,78000,28,Artist,0,2,Average,459681
198,Male,32,4000,74,Artist,1,5,High,459682
199,Male,32,81000,18,Executive,1,2,Low,459683
200,Male,30,33000,83,Artist,4,2,High,459684
201,Female,21,40000,10,Healthcare,0,3,Low,459685
202,Male,34,85000,16,Healthcare,9,3,Low,459691
203,Female,16,60000,0,Engineer,6,8,Low,459691
204,Female,76,60000,39,Healthcare,4,2,Average,459696
205,Female,62,63000,59,Entertainment,0,2,High,459699
206,Female,63,10000,52,Healthcare,8,3,High,459699
207,Female,19,55000,61,Healthcare,0,3,High,459700
208,Male,46,93000,12,Artist,2,1,Low,459704
209,Female,48,15000,7,Doctor,0,2,Low,459705
210,Female,80,39000,33,Engineer,9,4,Average,459706
211,Female,1,57000,93,Engineer,1,2,High,459709
212,Female,0,22000,92,Artist,2,1,High,459716
213,Male,86,12000,70,Marketing,2,4,High,459717
214,Male,49,50000,82,Lawyer,8,1,High,459723
215,Male,48,95000,68,Doctor,2,4,High,459724
216,Female,46,66000,70,Healthcare,3,3,High,459728
217,Male,79,20000,40,Doctor,6,2,Average,459743
218,Female,83,35000,99,Doctor,8,2,High,459744
219,Female,66,71000,34,Executive,9,2,Average,459746
220,Female,59,76000,61,,9,1,High,459746
221,Female,39,84000,33,Artist,5,3,Average,459747
222,Female,95,72000,51,Engineer,4,2,High,459747
223,Male,43,33000,55,Artist,4,3,High,459750
224,Female,93,93000,37,Healthcare,1,5,Average,459752
225,Female,40,83000,48,Homemaker,4,1,Average,459753
226,Female,78,23000,8,Engineer,1,1,Low,459755
227,Female,25,40000,77,Artist,5,4,High,459755
228,Male,76,89000,86,Healthcare,9,4,High,459757
229,Male,0,33000,64,Marketing,1,1,High,459759
230,Male,15,94000,30,Healthcare,7,2,Average,459762
231,Female,6,93000,53,Lawyer,8,2,High,459764
232,Male,84,7000,28,Healthcare,0,4,Average,459770
233,Female,67,18000,88,Lawyer,0,2,High,459772
234,Female,78,3000,14,Healthcare,0,4,Low,459778
235,Female,4,84000,54,Artist,9,1,High,459782
236,Female,29,62000,34,Healthcare,0,4,Average,459789
237,Male,91,9000,96,Healthcare,1,5,High,459796
238,Male,95,36000,35,,0,4,Average,459797
239,Male,55,37000,74,Lawyer,1,4,High,459805
240,Female,14,50000,11,Artist,1,2,Low,459806
241,Male,92,83000,16,Executive,1,5,Low,459806
242,Female,65,79000,17,Artist,0,3,Low,459808
243,Female,84,40000,14,Healthcare,1,4,Low,459808
244,Female,77,47000,58,Artist,0,6,High,459820
245,Female,53,4000,20,Artist,0,4,Average,459828
246,Female,28,38000,75,Entertainment,7,2,High,459831
247,Male,23,0,96,Doctor,1,3,High,459834
248,Female,32,7000,16,Artist,1,2,Low,459839
249,Female,37,41000,2,Artist,1,2,Low,459843
250,Female,89,65000,0,Engineer,0,5,Low,459846
251,Male,80,20000,93,Engineer,1,3,High,459847
252,Female,27,44000,65,Doctor,8,1,High,459848
253,Female,78,3000,14,Artist,5,4,Low,459856
254,Female,86,72000,13,Lawyer,7,3,Low,459856
255,Female,46,27000,32,Engineer,4,4,Average,459865
256,Male,59,85000,49,Lawyer,4,2,Average,459868
257,Male,12,38000,18,Executive,10,1,Low,459871
258,Male,79,73000,96,Homemaker,6,7,High,459871
259,Female,79,64000,64,Artist,2,3,High,459872
260,Male,26,26000,60,Executive,6,4,High,459873
261,Female,63,47000,16,Artist,2,3,Low,459876
262,Female,52,35000,85,Doctor,2,6,High,459877
263,Female,32,31000,24,Lawyer,2,3,Average,459878
264,Female,64,13000,38,Engineer,3,4,Average,459880
265,Female,37,79000,10,Homemaker,1,7,Low,459882
266,Male,7,82000,39,Entertainment,2,2,Average,459887
267,Female,40,28000,68,Artist,1,1,High,459887
268,Female,78,36000,79,Artist,0,3,High,459889
269,Female,34,8000,76,Entertainment,6,6,High,459889
270,Female,52,88000,39,Artist,1,2,Average,459891
271,Male,94,91000,36,Entertainment,0,4,Average,459893
272,Female,1,12000,82,Doctor,0,3,High,459895
273,Female,96,1000,76,Entertainment,0,3,High,459898
274,Female,18,143000,99,Artist,0,2,High,459901
275,Female,37,18000,57,Artist,1,2,High,459907
276,Male,78,65000,89,Lawyer,1,2,High,459924
277,Male,16,9000,88,Executive,7,4,High,459926
278,Male,93,95000,21,Artist,1,1,Average,459946
279,Female,74,78000,12,Engineer,9,3,Low,459946
280,Male,68,48000,73,Healthcare,3,3,High,459956
281,Female,32,63000,87,Executive,1,4,High,459984
282,Female,43,85000,63,Marketing,1,2,High,459989
283,Female,52,43000,58,Artist,1,3,High,459990
284,Female,63,74000,20,Artist,1,2,Average,459998
285,Female,33,67000,11,Healthcare,0,1,Low,460001
286,Male,86,59000,40,Artist,0,1,Average,460002
287,Female,85,140000,84,Entertainment,1,1,High,460004
288,Female,73,31000,47,Healthcare,1,2,Average,460011
289,Female,21,5000,91,Marketing,0,1,High,460018
290,Female,93,19000,58,Engineer,1,3,High,460020
291,Male,9,27000,62,Entertainment,7,1,High,460021
292,Female,10,68000,80,Doctor,6,3,High,460028
293,Male,11,38000,66,Artist,8,8,High,460029
294,Female,48,50000,36,Engineer,6,4,Average,460041
295,Female,73,80000,73,Entertainment,2,2,High,460043
296,Female,66,69000,43,Executive,9,3,Average,460049
297,Female,79,31000,91,Engineer,3,3,High,460053
298,Male,62,87000,41,Doctor,6,2,Average,460060
299,Male,17,79000,16,Artist,1,3,Low,460065
300,Male,32,32000,86,Entertainment,5,2,High,460086
301,Male,85,153787,100,Entertainment,3,3,High,460087
302,Male,31,95851,16,Healthcare,5,2,Low,460090
303,Female,31,145015,73,Healthcare,6,3,High,460090
304,Female,38,148539,7,Healthcare,5,2,Low,460107
305,Female,90,117319,21,Lawyer,1,2,Average,460107
306,Female,65,180243,26,Marketing,6,2,Average,460108
307,Female,63,165052,12,Artist,4,2,Low,460108
308,Female,61,120487,14,Doctor,0,2,Low,460109
309,Male,26,112766,83,Engineer,8,4,High,460109
310,Female,17,156488,65,Engineer,1,4,High,460112
311,Male,56,97562,15,Executive,5,6,Low,460112
312,Female,12,77501,30,Engineer,5,4,Average,460113
313,Female,24,118302,100,Lawyer,5,1,High,460121
314,Female,13,64277,9,Executive,9,4,Low,460142
315,Male,12,53927,77,Doctor,2,3,High,460146
316,Male,72,93921,93,Lawyer,9,2,High,460146
317,Female,54,132046,8,Homemaker,4,4,Low,460147
318,Male,45,183217,91,Artist,7,2,High,460147
319,Male,66,182937,44,Marketing,8,1,Average,460151
320,Female,27,68272,56,Healthcare,8,4,High,460172
321,Male,36,69841,21,Engineer,10,2,Average,460180
322,Male,5,69078,60,Lawyer,13,1,High,460182
323,Female,89,110667,100,Healthcare,2,4,High,460214
324,Male,13,95469,94,Doctor,6,1,High,460217
325,Female,91,102861,40,Artist,4,1,Average,460219
326,Male,16,133551,7,Artist,3,1,Low,460239
327,Female,63,64589,90,Engineer,7,1,High,460241
328,Male,52,152755,39,Engineer,4,2,Average,460253
329,Female,37,92313,58,Healthcare,1,5,High,460268
330,Female,78,98922,2,Artist,2,3,Low,460288
331,Male,24,165846,33,Engineer,0,4,Average,460289
332,Female,4,93713,62,Engineer,3,4,High,460289
333,Male,84,137641,67,Healthcare,0,5,High,460319
334,Male,0,173743,96,Artist,0,4,High,460319
335,Female,67,116126,58,Entertainment,10,2,High,460321
336,Female,32,112246,30,Healthcare,8,3,Average,460344
337,Female,39,69384,75,Healthcare,1,5,High,460344
338,Female,68,76529,62,Healthcare,0,2,High,460345
339,Female,7,123804,28,Doctor,14,1,Average,460346
340,Female,76,68292,55,Artist,8,2,High,460346
341,Female,84,173185,99,Artist,3,1,High,460349
342,Male,75,142034,82,Entertainment,1,4,High,460349
343,Male,22,107941,61,Artist,0,1,High,460372
344,Female,90,149840,61,Engineer,1,1,High,460389
345,Female,4,148431,99,Healthcare,1,8,High,460389
346,Female,78,126599,84,Lawyer,0,3,High,460426
347,Female,58,57180,22,Healthcare,9,1,Average,460427
348,Female,99,184426,41,Artist,9,1,Average,460442
349,Female,24,151085,39,Marketing,2,5,Average,460452
350,Female,88,166107,98,Artist,13,4,High,460455
351,Female,92,67850,91,Artist,9,4,High,460461
352,Male,99,173394,4,Engineer,13,1,Low,460467
353,Female,51,72303,98,Lawyer,7,1,High,460472
354,Male,23,181760,35,Healthcare,14,3,Average,460473
355,Female,13,146858,75,Doctor,9,1,High,460474
356,Male,22,172923,20,Engineer,6,1,Average,460475
357,Female,89,115811,87,Homemaker,11,4,High,460476
358,Male,20,184324,51,Marketing,13,5,High,460476
359,Female,72,67353,19,Lawyer,9,3,Low,460502
360,Male,17,165999,71,Healthcare,9,3,High,460504
361,Male,90,164914,18,Artist,8,3,Low,460504
362,Male,99,63364,61,Entertainment,1,2,High,460510
363,Female,39,182352,73,Engineer,4,3,High,460518
364,Female,37,148544,56,Entertainment,1,2,High,460518
365,Male,46,62833,85,Artist,1,2,High,460522
366,Male,65,120627,72,Healthcare,0,2,High,460522
367,Female,60,130898,30,Artist,1,1,Average,460524
368,Female,93,103130,74,Executive,12,3,High,460525
369,Male,72,106681,15,Healthcare,9,5,Low,460526
370,Female,36,87353,25,Entertainment,1,5,Average,460530
371,Male,52,88046,61,Artist,8,1,High,460534
372,Female,72,98168,49,Entertainment,1,2,Average,460540
373,Female,28,178265,5,Lawyer,2,1,Low,460541
374,Female,48,167232,92,Doctor,6,4,High,460541
375,Male,85,140478,43,Doctor,6,4,Average,460547
376,Male,22,159296,83,Artist,8,1,High,460550
377,Female,30,144043,78,Doctor,1,1,High,460550
378,Male,46,72594,64,Artist,1,2,High,460551
379,Female,82,180288,77,Artist,2,2,High,460551
380,Female,73,165734,51,Entertainment,0,1,High,460554
381,Male,8,175407,2,Artist,5,1,Low,460555
382,Male,90,70201,8,Engineer,0,2,Low,460555
383,Male,34,91503,26,Artist,0,6,Average,460560
384,Female,10,184522,43,Artist,0,2,Average,460564
385,Female,79,143560,83,Artist,1,3,High,460565
386,Male,83,131574,97,Artist,1,2,High,460566
387,Female,20,151124,18,Artist,15,3,Low,460566
388,Female,25,67447,5,Artist,15,2,Low,460569
389,Female,26,117454,8,Healthcare,16,2,Low,460578
390,Female,18,86203,23,Doctor,13,1,Average,460579
391,Female,7,136231,10,Artist,7,1,Low,460581
392,Male,1,89144,1,Doctor,12,2,Low,460589
393,Male,21,119116,30,Artist,17,4,Average,460590
394,Female,86,163463,31,Artist,9,4,Average,460593
395,Female,75,151696,82,Artist,15,1,High,460598
396,Male,78,184736,52,Lawyer,13,1,High,460598
397,Female,87,70419,69,Homemaker,6,4,High,460605
398,Female,8,119104,41,Entertainment,14,3,Average,460605
399,Male,59,130950,28,Executive,5,3,Average,460607
400,Male,13,140950,77,Artist,15,2,High,460613
401,Female,55,82285,35,Engineer,16,1,Average,460614
402,Female,50,91389,92,Healthcare,11,7,High,460616
403,Male,54,186359,95,Doctor,13,2,High,460620
404,Male,13,178989,46,Doctor,14,3,Average,460629
405,Male,79,166335,45,Engineer,5,5,Average,460630
406,Female,65,119889,11,Artist,17,6,Low,460636
407,Female,51,66852,73,Executive,15,3,High,460641
408,Male,18,103896,36,Executive,16,4,Average,460644
409,Male,21,187761,87,Healthcare,2,3,High,460647
410,Male,37,102717,93,Healthcare,7,4,High,460654
411,Male,83,102647,83,Entertainment,0,2,High,460658
412,Female,96,113585,31,Lawyer,0,4,Average,460659
413,Female,65,86509,88,Artist,0,4,High,460659
414,Male,80,59099,44,Marketing,1,7,Average,460671
415,Female,75,135088,5,Lawyer,1,5,Low,460676
416,Female,87,110870,78,Engineer,1,4,High,460677
417,Female,86,187667,12,Artist,0,1,Low,460683
418,Female,36,124614,25,Artist,8,5,Average,460687
419,Female,78,166492,40,Homemaker,9,7,Average,460697
420,Female,62,172758,69,Entertainment,1,2,High,460698
421,Male,89,122430,19,Healthcare,1,1,Low,460700
422,Female,56,183540,96,Entertainment,0,6,High,460701
423,Female,35,96484,34,Artist,5,4,Average,460703
424,Male,33,112587,71,Artist,1,4,High,460703
425,Female,58,155672,71,Entertainment,7,7,High,460707
426,Female,68,72847,93,Artist,1,2,High,460710
427,Male,38,71897,32,Entertainment,2,3,Average,460713
428,Male,31,158479,57,Doctor,1,5,High,460716
429,Male,90,89251,4,Entertainment,1,1,Low,460716
430,Male,28,179911,24,Engineer,1,1,Average,460720
431,Male,1,111558,85,Healthcare,7,4,High,460720
432,Male,78,127615,78,Executive,10,7,High,460722
433,Female,23,50076,32,Artist,3,5,Average,460722
434,Female,25,77779,62,Artist,4,1,High,460726
435,Male,59,169999,38,Engineer,5,5,Average,460734
436,Female,7,106581,76,Doctor,1,7,High,460734
437,Female,24,78223,41,Lawyer,0,1,Average,460735
438,Male,76,136259,14,,0,7,Low,460740
439,Male,37,153399,93,Entertainment,1,6,High,460740
440,Female,6,162858,91,Artist,0,1,High,460741
441,Female,0,57373,29,,0,7,Average,460743
442,Male,3,133602,47,Artist,1,1,Average,460743
443,Female,95,66322,88,Artist,0,3,High,460747
444,Female,0,68761,16,Lawyer,1,4,Low,460750
445,Male,7,70749,86,Artist,13,3,High,460758
446,Male,54,65874,87,Artist,7,6,High,460761
447,Male,89,115996,24,Engineer,15,1,Average,460767
448,Female,58,67097,91,Engineer,6,1,High,460773
449,Female,12,108027,64,Artist,13,5,High,460795
450,Male,7,176349,80,Healthcare,8,2,High,460830
451,Male,11,88452,40,Healthcare,8,6,Average,460830
452,Male,74,128266,55,Engineer,7,4,High,460832
453,Female,64,156777,20,Healthcare,7,2,Average,460836
454,Female,48,123234,50,Lawyer,10,7,High,460848
455,Female,8,60790,38,Artist,1,5,Average,460851
456,Female,15,181332,99,Artist,14,6,High,460851
457,Male,1,187297,7,Artist,0,1,Low,460856
458,Female,21,153885,86,Artist,6,6,High,460860
459,Male,84,53500,44,Marketing,3,4,Average,460860
460,Female,5,69443,28,Doctor,4,6,Average,460862
461,Female,47,124072,56,Lawyer,0,7,High,460867
462,Female,96,135800,29,Healthcare,0,7,Average,460868
463,Male,93,120597,96,Artist,2,4,High,460869
464,Female,16,91358,11,Entertainment,1,4,Low,460873
465,Male,56,53231,41,Marketing,0,5,Average,460877
466,Female,76,156330,31,Engineer,1,2,Average,460877
467,Male,0,186002,80,Doctor,15,2,High,460878
468,Female,70,111760,53,Executive,12,5,High,460878
469,Female,47,143906,12,Artist,4,3,Low,460885
470,Male,13,182410,22,Healthcare,11,4,Average,460887
471,Male,86,98463,46,Homemaker,10,5,Average,460890
472,Male,91,93762,28,Artist,15,7,Average,460891
473,Male,97,104582,50,Healthcare,8,2,High,460891
474,Male,20,130813,92,Artist,17,5,High,460892
475,Female,11,59202,92,Healthcare,5,4,High,460898
476,Female,28,79968,45,Lawyer,9,2,Average,460898
477,Male,32,104824,42,Artist,0,7,Average,460916
478,Male,82,188719,30,Lawyer,0,6,Average,460923
479,Male,39,187536,66,Healthcare,3,6,High,460923
480,Male,7,134008,85,Entertainment,2,1,High,460925
481,Female,13,176397,71,Artist,6,3,High,460926
482,Female,34,154888,43,Healthcare,9,6,Average,460928
483,Male,76,155622,81,Healthcare,0,2,High,460928
484,Female,30,62330,60,Healthcare,1,1,High,460929
485,Female,69,112838,34,Healthcare,1,7,Average,460931
486,Male,22,58283,59,Homemaker,2,4,High,460943
487,Female,60,77857,81,Artist,1,6,High,460951
488,Male,66,125024,25,Artist,0,1,Average,460952
489,Female,57,136242,34,Artist,9,1,Average,460956
490,Female,60,81934,81,Healthcare,1,4,High,460965
491,Female,59,130511,97,Artist,3,4,High,460966
492,Female,54,144502,88,Lawyer,3,1,High,460968
493,Male,90,63769,6,Artist,4,2,Low,460968
494,Female,14,66760,20,Artist,0,4,Average,460981
495,Female,34,135115,54,Entertainment,1,7,High,460981
496,Female,85,179877,17,Healthcare,12,4,Low,460984
497,Female,83,93351,65,Doctor,1,1,High,460985
498,Male,12,84547,96,Homemaker,3,3,High,460988
499,Male,95,121725,3,,12,3,Low,460988
500,Male,41,65723,91,Artist,6,7,High,460993
501,Female,38,96794,96,Healthcare,6,3,High,460993
502,Male,68,72352,61,Healthcare,8,5,High,461004
503,Female,4,53097,21,Healthcare,0,7,Average,461010
504,Female,5,144831,17,Artist,1,3,Low,461015
505,Female,3,183851,10,Doctor,1,2,Low,461015
506,Female,20,111896,90,Executive,1,3,High,461021
507,Female,3,64824,30,Executive,1,1,Average,461026
508,Male,36,88565,16,Healthcare,1,5,Low,461027
509,Female,70,104974,63,Artist,1,1,High,461033
510,Female,17,167060,47,Artist,1,5,Average,461039
511,Female,31,69018,17,Artist,6,1,Low,461047
512,Female,48,174109,96,Entertainment,0,1,High,461048
513,Male,28,62186,29,Marketing,0,1,Average,461051
514,Male,97,183783,70,Healthcare,9,3,High,461055
515,Male,81,83771,1,Artist,1,2,Low,461066
516,Female,37,148196,91,Artist,0,2,High,461071
517,Male,85,131742,87,Entertainment,1,1,High,461074
518,Female,78,59971,94,Homemaker,14,7,High,461075
519,Female,13,88960,2,Entertainment,13,3,Low,461084
520,Female,53,140107,38,Healthcare,1,5,Average,461087
521,Female,41,161896,49,Entertainment,1,3,Average,461091
522,Female,9,57272,60,Engineer,1,1,High,461093
523,Male,20,119952,2,Healthcare,8,2,Low,461093
524,Female,98,167197,63,Doctor,1,5,High,461101
525,Female,44,186116,2,Healthcare,8,6,Low,461102
526,Female,66,134677,59,Healthcare,15,5,High,461114
527,Female,58,180479,74,Healthcare,0,3,High,461114
528,Male,97,112783,21,Artist,9,6,Average,461129
529,Male,13,150258,17,Doctor,0,3,Low,461129
530,Male,48,115832,92,Artist,2,2,High,461148
531,Female,47,104834,44,Artist,0,7,Average,461165
532,Male,93,152571,66,Doctor,14,5,High,461168
533,Female,11,162287,45,Engineer,3,2,Average,461168
534,Female,68,171761,59,Doctor,1,6,High,461171
535,Female,87,77709,73,Artist,0,1,High,461176
536,Female,22,95053,17,Entertainment,1,2,Low,461177
537,Male,89,74820,33,Doctor,1,2,Average,461177
538,Male,57,152267,92,Engineer,9,5,High,461229
539,Male,91,71925,14,Artist,4,2,Low,461245
540,Female,84,151340,95,Artist,1,7,High,461246
541,Male,56,162921,51,Executive,0,4,High,461257
542,Female,26,52234,30,Executive,1,2,Average,461257
543,Female,56,100271,87,Artist,1,5,High,461258
544,Female,6,170266,23,Artist,3,2,Average,461258
545,Female,33,88763,1,Entertainment,1,1,Low,461268
546,Female,89,107359,26,,10,6,Average,461295
547,Male,99,164781,83,Engineer,0,2,High,461301
548,Female,25,156016,85,Artist,2,1,High,461313
549,Female,96,186882,40,Entertainment,1,7,Average,461313
550,Female,35,99300,88,Homemaker,5,2,High,461314
551,Male,16,58127,65,Marketing,0,3,High,461314
552,Female,81,89211,12,Doctor,1,7,Low,461316
553,Female,7,148607,59,Homemaker,1,7,High,461318
554,Female,31,139592,62,Marketing,1,1,High,461319
555,Female,16,172051,62,Healthcare,1,3,High,461319
556,Male,89,57033,99,Artist,0,4,High,461322
557,Male,84,117612,63,Engineer,0,6,High,461322
558,Male,40,185321,96,Artist,0,7,High,461323
559,Female,17,186577,5,Healthcare,8,5,Low,461323
560,Male,0,151298,89,Artist,0,6,High,461327
561,Female,69,123925,52,Artist,1,7,High,461338
562,Female,17,169496,12,Lawyer,11,6,Low,461340
563,Female,0,142892,25,Entertainment,8,1,Average,461343
564,Female,34,58979,3,Entertainment,9,5,Low,461347
565,Female,51,141416,100,Healthcare,15,1,High,461360
566,Male,54,104854,67,Healthcare,1,7,High,461371
567,Female,19,180331,14,Artist,17,5,Low,461380
568,Female,99,172896,13,Engineer,0,3,Low,461381
569,Female,2,101451,82,Healthcare,4,3,High,461392
570,Female,91,189974,37,Engineer,8,1,Average,461393
571,Male,65,90084,65,Artist,1,6,High,461401
572,Female,47,112247,24,Executive,4,5,Average,461410
573,Female,91,181775,61,Artist,4,5,High,461419
574,Female,64,59088,31,Artist,1,3,Average,461421
575,Female,91,60856,23,Artist,1,6,Average,461421
576,Male,32,149900,34,Artist,6,3,Average,461422
577,Male,15,142776,98,Engineer,8,5,High,461424
578,Male,22,162598,84,Artist,8,3,High,461426
579,Female,37,146195,89,Healthcare,4,4,High,461426
580,Male,83,135268,53,Lawyer,4,5,High,461429
581,Female,89,136037,1,Marketing,5,1,Low,461430
582,Female,33,111191,67,Artist,9,4,High,461431
583,Female,13,144111,62,Entertainment,12,5,High,461432
584,Female,71,177359,56,Doctor,6,2,High,461432
585,Female,10,112818,85,Marketing,15,7,High,461435
586,Male,49,53509,98,Artist,5,4,High,461436
587,Female,9,168269,75,Executive,10,2,High,461437
588,Female,53,86766,2,Lawyer,16,3,Low,461438
589,Female,63,52661,25,Healthcare,12,5,Average,461439
590,Female,46,148520,14,Healthcare,11,5,Low,461439
591,Male,42,149936,52,Artist,15,3,High,461440
592,Female,73,102296,31,Entertainment,7,5,Average,461441
593,Male,75,178416,16,Executive,10,7,Low,461441
594,Female,49,83788,41,Doctor,15,1,Average,461442
595,Female,96,184771,77,Engineer,8,5,High,461442
596,Female,52,70302,88,Executive,14,3,High,461443
597,Female,15,58639,51,Entertainment,5,7,High,461445
598,Male,91,97879,40,Entertainment,15,7,Average,461455
599,Male,22,64707,29,Entertainment,7,3,Average,461461
600,Male,62,71795,87,Healthcare,8,1,High,461465
601,Male,41,76567,85,Doctor,16,1,High,461465
602,Male,61,126370,20,,11,4,Average,461468
603,Female,71,154007,32,Artist,7,7,Average,461468
604,Female,91,69720,78,Lawyer,17,6,High,461470
605,Female,94,85265,68,Executive,7,6,High,461471
606,Female,3,155864,31,Healthcare,13,3,Average,461472
607,Female,15,99421,72,Artist,8,7,High,461473
608,Female,96,145457,57,Executive,2,1,High,461475
609,Male,12,118041,77,Artist,9,2,High,461476
610,Female,23,73759,83,Doctor,0,7,High,461476
611,Male,94,90082,17,Artist,5,7,Low,461479
612,Female,7,74928,12,Artist,0,6,Low,461479
613,Female,74,101352,36,Lawyer,0,5,Average,461481
614,Female,52,93947,81,Healthcare,9,2,High,461485
615,Male,39,134629,23,Engineer,1,6,Average,461486
616,Male,72,101858,70,Healthcare,8,6,High,461487
617,Female,55,165501,47,Artist,10,4,Average,461488
618,Male,29,135931,74,Lawyer,5,1,High,461491
619,Male,38,103356,20,Marketing,1,6,Average,461492
620,Female,44,75195,79,Artist,1,3,High,461493
621,Male,58,123083,44,Entertainment,6,5,Average,461494
622,Male,77,73884,30,Healthcare,1,2,Average,461494
623,Female,56,91180,61,Entertainment,1,7,High,461495
624,Male,79,86235,52,Artist,0,2,High,461499
625,Female,97,96400,4,Doctor,1,7,Low,461509
626,Male,78,83599,12,Healthcare,1,6,Low,461516
627,Female,91,82535,50,Healthcare,0,1,High,461516
628,Male,35,92227,8,Lawyer,0,5,Low,461517
629,Female,43,150444,27,Artist,13,4,Average,461518
630,Female,37,149095,83,Lawyer,1,2,High,461518
631,Male,63,113605,42,Artist,3,3,Average,461539
632,Female,16,93854,82,Healthcare,0,7,High,461549
633,Male,32,118280,92,Artist,0,5,High,461552
634,Male,91,94576,90,Artist,0,1,High,461556
635,Female,33,129257,70,Executive,6,3,High,461556
636,Female,57,70373,10,Healthcare,2,6,Low,461558
637,Female,43,77600,66,Healthcare,0,1,High,461558
638,Female,26,113707,97,Entertainment,0,5,High,461561
639,Female,59,189672,8,Doctor,0,7,Low,461562
640,Female,61,143180,58,Artist,0,5,High,461565
641,Female,59,174890,14,Marketing,3,4,Low,461567
642,Male,66,121377,19,,7,7,Low,461568
643,Male,26,154857,13,Healthcare,0,7,Low,461570
644,Female,67,160945,51,Healthcare,0,5,High,461572
645,Female,85,119557,35,Artist,0,2,Average,461574
646,Female,76,187141,33,Doctor,0,7,Average,461574
647,Female,57,97468,22,Artist,0,1,Average,461577
648,Female,77,160351,77,Lawyer,8,5,High,461578
649,Female,66,178627,94,Healthcare,1,2,High,461583
650,Female,49,170188,80,Lawyer,1,6,High,461589
651,Female,36,166007,40,Doctor,1,4,Average,461593
652,Male,74,91794,83,Entertainment,0,7,High,461593
653,Female,16,189072,86,Artist,6,3,High,461594
654,Male,27,152717,15,Executive,1,6,Low,461597
655,Female,3,158549,98,Executive,0,3,High,461601
656,Male,31,134263,94,Marketing,1,3,High,461604
657,Female,30,148236,28,Executive,1,1,Average,461604
658,Male,94,171677,81,Artist,0,6,High,461607
659,Female,31,189446,38,Artist,1,6,Average,461609
660,Male,49,106633,53,Artist,0,3,High,461611
661,Male,49,81084,48,Executive,6,5,Average,461623
662,Male,53,148759,52,Doctor,7,7,High,461624
663,Female,3,117638,95,Healthcare,2,7,High,461624
664,Female,91,159537,37,Doctor,4,1,Average,461628
665,Male,26,79526,6,Marketing,9,7,Low,461630
666,Male,28,101414,64,,8,1,High,461630
667,Female,92,109519,72,Entertainment,1,4,High,461639
668,Female,59,156880,70,Artist,0,7,High,461640
669,Male,15,157278,58,Artist,0,6,High,461647
670,Female,23,144916,84,Engineer,1,7,High,461651
671,Male,54,59163,100,Marketing,3,3,High,461652
672,Female,93,93991,49,Artist,1,3,Average,461653
673,Female,65,58318,45,Doctor,1,1,Average,461655
674,Female,13,180786,88,Lawyer,1,5,High,461655
675,Male,71,84622,45,Doctor,0,6,Average,461658
676,Male,1,92674,59,Artist,8,4,High,461658
677,Female,57,87553,94,Artist,1,1,High,461659
678,Male,14,74174,79,Entertainment,1,2,High,461659
679,Female,77,180831,33,Healthcare,1,2,Average,461661
680,Female,89,137397,33,Doctor,1,7,Average,461661
681,Male,17,96154,100,Artist,1,4,High,461664
682,Male,86,172477,69,Entertainment,1,3,High,461665
683,Male,42,59954,37,Executive,4,4,Average,461667
684,Female,29,112240,95,Entertainment,0,4,High,461668
685,Female,54,145679,35,Artist,0,2,Average,461668
686,Male,96,136265,49,Artist,12,5,Average,461669
687,Female,58,74869,12,Healthcare,0,3,Low,461670
688,Female,52,109425,46,Engineer,0,1,Average,461693
689,Female,3,126015,57,Healthcare,0,1,High,461695
690,Female,13,156951,66,Healthcare,4,7,High,461695
691,Female,3,127172,68,Healthcare,1,2,High,461701
692,Male,89,113834,22,Doctor,0,3,Average,461701
693,Male,83,132005,2,Entertainment,0,5,Low,461707
694,Female,80,171323,78,Lawyer,10,4,High,461710
695,Female,74,92355,87,Entertainment,1,4,High,461718
696,Male,42,60982,3,Healthcare,0,5,Low,461726
697,Female,91,51742,33,Artist,8,3,Average,461732
698,Female,31,138612,71,Executive,9,2,High,461736
699,Male,8,158123,84,Artist,1,1,High,461737
700,Male,64,164675,65,Executive,0,5,High,461737
701,Female,41,172882,27,Healthcare,8,7,Average,461738
702,Female,62,70119,93,Artist,0,1,High,461738
703,Male,41,113998,26,Healthcare,7,7,Average,461744
704,Male,22,114011,40,,5,7,Average,461744
705,Male,5,57265,89,Entertainment,7,7,High,461746
706,Female,38,130597,2,Artist,6,1,Low,461751
707,Female,88,121597,7,Engineer,0,5,Low,461752
708,Male,56,103210,100,Artist,6,6,High,461752
709,Male,47,66308,8,Executive,0,4,Low,461756
710,Male,4,141336,93,Homemaker,2,1,High,461756
711,Male,82,153632,76,Entertainment,9,7,High,461757
712,Female,31,65520,71,Lawyer,1,2,High,461771
713,Female,69,153217,83,Healthcare,1,6,High,461771
714,Male,62,92768,75,Doctor,1,1,High,461772
715,Female,54,132345,10,Artist,0,2,Low,461785
716,Female,60,186069,49,Marketing,1,2,Average,461787
717,Female,31,53802,32,Artist,1,7,Average,461796
718,Female,17,103739,62,Healthcare,6,4,High,461818
719,Female,15,50550,34,Healthcare,9,7,Average,461819
720,Female,37,145648,21,Healthcare,7,6,Average,461820
721,Male,36,85737,37,Executive,0,3,Average,461826
722,Female,27,99950,20,Entertainment,0,4,Average,461828
723,Female,11,83220,21,Engineer,7,4,Average,461835
724,Male,83,73410,50,Entertainment,8,5,High,461836
725,Female,71,64310,43,Marketing,2,1,Average,461839
726,Female,20,59844,79,Doctor,0,1,High,461842
727,Male,3,67787,1,Executive,1,6,Low,461844
728,Male,52,172841,4,Engineer,0,1,Low,461845
729,Male,75,145528,61,Healthcare,1,2,High,461845
730,Male,36,173807,42,Artist,0,2,Average,461851
731,Male,60,185794,69,Entertainment,7,1,High,461855
732,Male,8,119780,71,Healthcare,1,3,High,461870
733,Female,9,158596,86,Artist,1,2,High,461871
734,Female,41,118122,52,Entertainment,0,6,High,461874
735,Male,38,99964,11,Healthcare,7,4,Low,461874
736,Female,69,120752,27,Executive,1,6,Average,461879
737,Female,33,189630,53,Executive,5,5,High,461889
738,Male,64,125510,6,Healthcare,3,3,Low,461890
739,Male,19,101799,49,Engineer,1,1,Average,461891
740,Female,88,92914,74,Artist,0,3,High,461894
741,Female,91,162465,59,Engineer,9,3,High,461897
742,Male,84,163818,27,Engineer,2,1,Average,461904
743,Female,43,53832,56,Entertainment,4,1,High,461910
744,Female,30,140190,49,Engineer,1,4,Average,461910
745,Male,16,125836,69,Healthcare,1,4,High,461915
746,Male,89,100938,27,Entertainment,0,7,Average,461923
747,Male,5,168670,37,Artist,1,3,Average,461926
748,Female,54,176885,10,Entertainment,0,3,Low,461934
749,Female,41,111174,28,Artist,4,5,Average,461939
750,Male,80,127335,97,Artist,6,6,High,461948
751,Male,37,149103,3,Healthcare,10,1,Low,461954
752,Male,87,167705,31,Healthcare,0,7,Average,461957
753,Female,50,183548,85,Entertainment,1,4,High,461962
754,Female,14,50396,46,Lawyer,0,6,Average,461962
755,Female,17,63557,3,Marketing,1,1,Low,461969
756,Female,98,87878,55,Artist,1,6,High,461971
757,Male,3,55634,53,Engineer,8,3,High,461972
758,Female,83,118110,26,Engineer,1,5,Average,461976
759,Male,13,129396,36,Artist,6,6,Average,461979
760,Female,46,62628,64,Entertainment,8,6,High,461984
761,Female,25,51700,17,Healthcare,4,6,Low,461987
762,Female,4,106816,49,Artist,7,5,Average,461988
763,Male,64,93000,67,Lawyer,0,2,High,461988
764,Female,84,144148,71,Doctor,1,4,High,461989
765,Male,12,101388,90,Artist,0,2,High,461989
766,Female,56,171560,78,Engineer,0,2,High,461998
767,Male,58,156366,60,Entertainment,8,1,High,462001
768,Female,0,143910,22,Marketing,1,7,Average,462005
769,Female,25,106569,84,Engineer,1,3,High,462006
770,Male,28,173009,25,Healthcare,9,6,Average,462007
771,Male,78,54252,29,Engineer,0,5,Average,462007
772,Male,56,104600,57,Entertainment,6,3,High,462013
773,Male,91,50250,54,Artist,0,2,High,462013
774,Male,77,93242,84,Entertainment,0,7,High,462015
775,Female,83,156839,38,Artist,3,7,Average,462015
776,Female,64,71305,39,Artist,9,2,Average,462016
777,Male,19,85975,73,Entertainment,0,6,High,462019
778,Male,94,188107,52,Engineer,10,2,High,462022
779,Male,19,82333,35,Marketing,1,2,Average,462031
780,Male,84,125016,25,Entertainment,1,7,Average,462047
781,Female,10,148908,10,Healthcare,2,3,Low,462049
782,Female,19,58217,70,Artist,0,1,High,462056
783,Male,74,76521,29,Engineer,7,4,Average,462057
784,Female,95,117763,42,Artist,1,2,Average,462060
785,Female,34,115184,93,Homemaker,1,4,High,462060
786,Male,30,54251,7,Artist,2,6,Low,462064
787,Female,53,112530,24,Entertainment,2,6,Average,462064
788,Male,67,107409,2,Artist,1,6,Low,462069
789,Female,23,84793,23,Homemaker,9,6,Average,462070
790,Female,25,66952,79,Entertainment,1,2,High,462078
791,Female,84,153465,11,Lawyer,1,4,Low,462078
792,Female,1,178214,17,Artist,1,7,Low,462088
793,Male,70,152069,42,Entertainment,4,4,Average,462088
794,Female,56,132860,17,Healthcare,7,2,Low,462089
795,Female,0,147719,86,Lawyer,1,7,High,462092
796,Female,91,172915,29,Doctor,9,1,Average,462095
797,Female,81,148594,29,Entertainment,3,5,Average,462097
798,Male,33,61986,77,Executive,0,1,High,462098
799,Male,75,91456,13,Artist,1,4,Low,462099
800,Male,11,166247,84,Executive,1,2,High,462101
801,Female,61,140516,50,Artist,0,3,High,462108
802,Male,81,148208,36,,5,7,Average,462108
803,Female,62,133822,78,Marketing,0,4,High,462110
804,Female,44,175424,32,Artist,4,5,Average,462111
805,Female,67,121528,92,Healthcare,8,4,High,462111
806,Female,30,189369,69,Healthcare,0,3,High,462116
807,Female,92,80808,26,Artist,1,1,Average,462125
808,Male,25,57535,84,Entertainment,1,7,High,462126
809,Female,61,163509,51,Healthcare,0,4,High,462128
810,Female,72,75884,57,Executive,0,7,High,462128
811,Female,89,157759,52,Artist,1,6,High,462130
812,Female,37,184813,44,Executive,0,2,Average,462140
813,Male,59,187253,51,Executive,8,7,High,462148
814,Male,41,81718,36,Entertainment,1,3,Average,462154
815,Male,60,150019,37,Doctor,1,2,Average,462156
816,Female,81,53452,73,Entertainment,1,6,High,462163
817,Male,85,150765,42,Homemaker,8,2,Average,462163
818,Female,91,154456,71,,0,7,High,462172
819,Female,65,56647,12,Doctor,6,4,Low,462172
820,Female,19,117477,48,Healthcare,6,7,Average,462174
821,Female,78,79677,9,Artist,10,7,Low,462174
822,Female,0,116759,28,Marketing,7,3,Average,462176
823,Male,26,180702,21,Entertainment,6,1,Average,462180
824,Female,2,122698,100,Entertainment,8,1,High,462180
825,Female,60,169346,55,Healthcare,7,2,High,462188
826,Female,67,93176,25,Artist,4,1,Average,462188
827,Female,4,75853,40,Homemaker,4,5,Average,462196
828,Male,7,119362,58,Engineer,8,1,High,462196
829,Male,28,81545,36,Artist,4,7,Average,462197
830,Male,67,67372,75,Artist,0,7,High,462197
831,Female,30,109703,61,Executive,1,1,High,462208
832,Male,38,166697,39,Marketing,13,4,Average,462218
833,Female,40,124982,34,Engineer,1,7,Average,462218
834,Female,6,146776,83,Lawyer,1,7,High,462224
835,Female,3,147548,45,Executive,4,5,Average,462225
836,Female,51,117620,60,Healthcare,7,6,High,462234
837,Male,63,85351,57,Healthcare,0,2,High,462234
838,Male,65,174432,8,Artist,0,7,Low,462245
839,Male,44,70787,68,Doctor,1,3,High,462250
840,Female,90,75473,63,Healthcare,0,7,High,462251
841,Male,76,90082,49,Healthcare,1,6,Average,462254
842,Female,62,185388,54,Healthcare,0,2,High,462256
843,Female,5,168110,69,Doctor,14,6,High,462256
844,Female,67,184628,38,Artist,12,2,Average,462261
845,Female,38,176551,45,Healthcare,8,1,Average,462264
846,Female,31,76422,21,Healthcare,9,7,Average,462270
847,Male,2,164248,51,Entertainment,9,3,High,462271
848,Female,82,109188,38,Lawyer,5,7,Average,462272
849,Female,66,132951,26,Healthcare,4,1,Average,462274
850,Female,75,164598,32,Healthcare,8,1,Average,462275
851,Male,69,186655,32,,7,2,Average,462275
852,Female,62,111859,86,Healthcare,6,1,High,462277
853,Female,0,121926,41,Lawyer,7,1,Average,462284
854,Female,11,143047,42,Executive,1,3,Average,462284
855,Female,22,131748,23,Artist,1,3,Average,462286
856,Male,76,142801,23,Lawyer,0,1,Average,462286
857,Male,85,142723,46,Engineer,0,6,Average,462287
858,Male,21,155151,16,Marketing,14,3,Low,462288
859,Female,64,153607,48,Healthcare,1,4,Average,462289
860,Male,94,144192,34,Healthcare,0,3,Average,462294
861,Female,83,174159,22,Lawyer,4,4,Average,462300
862,Female,93,73642,50,Marketing,0,3,High,462300
863,Female,12,170319,46,Artist,8,7,Average,462303
864,Female,0,141351,10,Engineer,0,2,Low,462305
865,Female,79,167411,9,Marketing,12,5,Low,462310
866,Male,90,58289,49,Artist,5,6,Average,462310
867,Female,45,79801,77,Doctor,0,2,High,462313
868,Female,82,146118,52,Marketing,8,7,High,462315
869,Female,57,57337,14,Healthcare,1,4,Low,462316
870,Female,43,113575,6,Entertainment,1,2,Low,462318
871,Male,63,122658,65,Engineer,6,2,High,462319
872,Female,62,151836,13,Artist,0,6,Low,462320
873,Female,43,185900,80,Homemaker,9,4,High,462323
874,Female,34,94029,98,Healthcare,1,4,High,462323
875,Female,30,157290,22,Artist,2,2,Average,462326
876,Male,97,175996,42,Entertainment,10,4,Average,462338
877,Male,68,102016,37,Artist,0,4,Average,462340
878,Male,16,77902,67,Artist,1,2,High,462340
879,Female,15,81138,86,Healthcare,9,7,High,462341
880,Male,25,128258,48,Executive,0,2,Average,462345
881,Female,29,62475,24,Artist,6,4,Average,462345
882,Female,85,82854,75,Artist,6,4,High,462349
883,Female,30,59284,38,Doctor,7,7,Average,462349
884,Female,13,141580,92,Healthcare,0,4,High,462350
885,Female,88,171362,90,Executive,6,4,High,462352
886,Male,5,78274,65,Artist,9,2,High,462353
887,Female,95,76646,61,Artist,0,1,High,462354
888,Female,92,78308,66,Executive,5,2,High,462358
889,Female,63,78971,89,Engineer,1,2,High,462358
890,Female,75,65528,73,Marketing,1,5,High,462362
891,Male,67,94199,71,Artist,5,7,High,462367
892,Female,58,135705,48,Engineer,8,7,Average,462368
893,Male,52,130573,31,Entertainment,8,3,Average,462369
894,Female,85,152303,68,Artist,1,5,High,462375
895,Female,31,144582,89,Doctor,1,1,High,462379
896,Female,84,93288,60,Artist,10,6,High,462394
897,Female,93,88192,3,Marketing,10,2,Low,462396
898,Male,18,62362,81,Lawyer,7,3,High,462396
899,Male,73,74350,39,Lawyer,10,1,Average,462397
900,Male,3,144103,42,Healthcare,8,7,Average,462397
901,Male,1,75518,17,Lawyer,7,3,Low,462401
902,Male,53,160980,62,Doctor,4,2,High,462401
903,Female,75,102904,28,Artist,7,6,Average,462402
904,Female,15,174501,37,,9,7,Average,462407
905,Female,47,157661,57,Healthcare,6,6,High,462413
906,Female,66,118385,8,Healthcare,10,3,Low,462418
907,Female,17,116463,100,Artist,8,4,High,462426
908,Female,1,161212,14,Artist,9,6,Low,462428
909,Male,16,172601,50,Marketing,4,6,High,462428
910,Female,52,167214,94,Homemaker,8,7,High,462432
911,Male,21,69644,19,Artist,5,1,Low,462433
912,Female,19,120215,46,Homemaker,7,2,Average,462434
913,Female,29,180401,23,Engineer,7,6,Average,462435
914,Female,40,113739,93,Artist,5,7,High,462462
915,Male,76,111717,41,Healthcare,1,2,Average,462463
916,Male,91,62808,20,Engineer,0,4,Average,462463
917,Female,24,67582,13,Artist,1,3,Low,462464
918,Male,4,96543,60,Artist,9,1,High,462474
919,Male,90,89667,69,Artist,0,2,High,462475
920,Female,56,98980,65,Engineer,0,1,High,462476
921,Male,14,124998,17,Lawyer,1,3,Low,462478
922,Male,52,189091,12,Artist,0,6,Low,462479
923,Female,14,153842,3,Artist,1,3,Low,462483
924,Male,30,106314,16,Artist,0,7,Low,462486
925,Female,70,62901,60,Artist,8,5,High,462487
926,Male,14,149618,78,Healthcare,4,6,High,462492
927,Female,95,72068,97,Healthcare,0,6,High,462492
928,Male,25,81367,87,,0,3,High,462493
929,Female,95,118575,10,Entertainment,1,3,Low,462496
930,Female,12,82382,97,Executive,1,3,High,462496
931,Male,82,114776,55,Entertainment,10,3,High,462498
932,Female,2,145597,81,Artist,1,6,High,462498
933,Male,51,162072,86,Engineer,1,1,High,462499
934,Male,63,172872,11,Healthcare,0,7,Low,462500
935,Female,30,182162,6,Artist,1,3,Low,462501
936,Female,68,71467,81,Artist,5,7,High,462509
937,Female,21,85568,1,Healthcare,0,6,Low,462512
938,Female,99,56851,72,Entertainment,6,3,High,462512
939,Female,0,116782,73,Artist,9,5,High,462515
940,Female,80,67781,1,Entertainment,4,4,Low,462522
941,Female,51,70152,29,Healthcare,0,2,Average,462522
942,Male,18,185861,82,Artist,3,6,High,462525
943,Male,43,162595,17,Artist,3,3,Low,462525
944,Female,29,80098,54,Lawyer,10,6,High,462526
945,Female,20,184801,8,Lawyer,1,1,Low,462526
946,Female,39,58908,37,Artist,6,6,Average,462527
947,Female,9,146011,69,Marketing,9,5,High,462542
948,Female,45,135174,39,Artist,9,4,Average,462544
949,Female,65,114244,64,Artist,0,1,High,462551
950,Female,64,157207,52,Healthcare,0,4,High,462555
951,Female,81,128834,23,Entertainment,5,4,Average,462556
952,Male,54,51166,24,Entertainment,0,7,Average,462557
953,Female,32,130118,36,Artist,0,4,Average,462559
954,Male,29,87014,71,Doctor,11,4,High,462561
955,Female,25,111379,93,Artist,0,2,High,462561
956,Male,5,83704,82,Entertainment,1,1,High,462563
957,Female,55,90558,49,Healthcare,8,2,Average,462563
958,Male,12,187343,14,Healthcare,6,3,Low,462565
959,Female,81,111174,48,Entertainment,9,6,Average,462571
960,Male,87,64461,63,Engineer,4,4,High,462572
961,Male,12,109618,97,Artist,7,3,High,462573
962,Male,91,189357,4,Lawyer,7,1,Low,462578
963,Female,63,120955,79,Artist,6,1,High,462578
964,Female,97,168898,54,Homemaker,8,7,High,462588
965,Male,89,130431,52,Healthcare,6,3,High,462590
966,Male,59,161091,56,Engineer,9,1,High,462593
967,Female,26,69988,2,Homemaker,5,4,Low,462594
968,Female,5,169702,98,Doctor,5,1,High,462598
969,Male,32,186897,49,Healthcare,1,7,Average,462600
970,Female,98,109061,41,Engineer,6,1,Average,462600
971,Male,31,188620,30,Artist,3,6,Average,462604
972,Female,59,108675,57,Artist,4,5,High,462607
973,Female,80,177601,34,Entertainment,0,2,Average,462607
974,Female,12,87365,3,Marketing,1,2,Low,462613
975,Male,80,95929,23,Engineer,0,2,Average,462613
976,Male,59,97185,87,Entertainment,0,5,High,462614
977,Female,56,103838,17,Artist,1,2,Low,462620
978,Male,18,129260,11,Doctor,1,3,Low,462621
979,Female,66,151184,19,Artist,1,4,Low,462627
980,Female,67,177512,62,Engineer,2,3,High,462628
981,Male,39,140099,51,Lawyer,0,7,High,462632
982,Male,23,67535,97,Healthcare,7,6,High,462632
983,Male,47,133236,61,Executive,1,6,High,462634
984,Female,41,87975,5,Homemaker,9,7,Low,462635
985,Female,40,164350,23,Healthcare,0,5,Average,462637
986,Male,36,55109,53,Artist,8,3,High,462637
987,Female,12,67613,40,Entertainment,1,2,Average,462639
988,Female,60,185306,47,Entertainment,0,2,Average,462641
989,Female,24,154787,84,Executive,3,5,High,462642
990,Female,17,109759,96,Artist,9,3,High,462643
991,Female,92,114571,51,Executive,1,3,High,462643
992,Male,32,130697,93,Artist,1,2,High,462644
993,Male,39,115916,24,Doctor,13,6,Average,462645
994,Female,50,69814,53,Artist,9,2,High,462646
995,Female,85,118161,74,Engineer,0,4,High,462647
996,Male,65,56583,65,Healthcare,2,3,High,462649
997,Female,17,185843,36,Artist,4,3,Average,462652
998,Female,31,171825,22,Entertainment,10,4,Average,462653
999,Male,24,77976,95,Artist,11,3,High,462654
1000,Male,97,66312,75,Entertainment,0,1,High,462654
1001,Female,92,81839,11,Entertainment,0,4,Low,462657
1002,Female,80,55712,5,Artist,5,6,Low,462658
1003,Male,33,158335,45,Healthcare,2,5,Average,462658
1004,Male,8,74253,45,Lawyer,1,6,Average,462659
1005,Male,67,119625,3,Healthcare,4,4,Low,462660
1006,Female,8,129743,6,Artist,0,2,Low,462663
1007,Female,61,101007,60,Lawyer,0,6,High,462665
1008,Male,83,87529,49,Artist,9,7,Average,462667
1009,Male,8,151648,98,Healthcare,8,6,High,462674
1010,Male,69,61637,67,,0,5,High,462676
1011,Male,14,164659,59,Entertainment,1,6,High,462678
1012,Female,80,125623,62,Executive,0,4,High,462678
1013,Female,85,104054,22,Artist,8,4,Average,462680
1014,Male,88,83535,56,Artist,1,5,High,462680
1015,Female,76,166245,13,Executive,7,3,Low,462681
1016,Female,32,100890,60,Entertainment,4,4,High,462686
1017,Female,99,55972,83,Entertainment,1,7,High,462690
1018,Female,85,134282,39,Artist,2,5,Average,462691
1019,Female,25,106669,22,Lawyer,1,7,Average,462692
1020,Female,99,145777,94,Executive,1,5,High,462692
1021,Male,41,119259,91,Healthcare,1,5,High,462694
1022,Female,1,150174,59,Artist,2,2,High,462697
1023,Female,45,55472,51,Healthcare,1,3,High,462698
1024,Male,55,99423,82,Healthcare,0,5,High,462700
1025,Female,20,146221,25,Marketing,0,3,Average,462701
1026,Female,33,84238,31,Artist,1,2,Average,462702
1027,Male,92,57032,75,Entertainment,1,5,High,462702
1028,Male,93,88811,52,Engineer,0,4,High,462705
1029,Male,60,167420,38,Artist,5,2,Average,462705
1030,Male,38,101846,17,Doctor,3,2,Low,462707
1031,Male,15,114061,87,Artist,2,5,High,462711
1032,Male,74,147449,16,Artist,1,5,Low,462723
1033,Female,47,83043,76,Executive,0,1,High,462723
1034,Female,96,168990,81,Doctor,9,5,High,462733
1035,Male,97,73867,65,Healthcare,4,5,High,462734
1036,Female,35,165772,51,Healthcare,1,4,High,462735
1037,Female,19,178217,38,Marketing,0,3,Average,462735
1038,Male,60,162612,98,Engineer,1,6,High,462744
1039,Male,37,99872,53,Entertainment,11,3,High,462753
1040,Female,49,142566,77,Artist,1,7,High,462768
1041,Female,1,111424,80,Entertainment,8,5,High,462768
1042,Male,43,187841,38,Artist,1,4,Average,462773
1043,Female,46,171921,50,Artist,1,6,High,462776
1044,Female,65,115299,87,Artist,6,3,High,462776
1045,Male,75,94129,27,Healthcare,6,7,Average,462779
1046,Male,40,172378,39,Entertainment,5,6,Average,462785
1047,Male,28,146597,31,Engineer,1,4,Average,462785
1048,Female,78,64057,44,Doctor,0,3,Average,462788
1049,Female,22,163585,49,Artist,9,5,Average,462788
1050,Male,6,93186,83,Entertainment,1,3,High,462792
1051,Male,46,149764,1,Entertainment,0,6,Low,462792
1052,Male,17,116822,84,Doctor,1,3,High,462800
1053,Female,46,109346,37,Entertainment,1,2,Average,462801
1054,Female,72,111587,99,Artist,7,4,High,462802
1055,Female,38,166644,66,Artist,8,6,High,462813
1056,Female,50,181270,56,Artist,1,1,High,462814
1057,Male,47,65207,81,Healthcare,1,2,High,462814
1058,Female,72,112146,21,Homemaker,8,4,Average,462818
1059,Male,8,104953,57,Doctor,1,6,High,462819
1060,Female,34,139009,24,Artist,0,4,Average,462819
1061,Female,53,67916,82,Healthcare,0,6,High,462823
1062,Female,82,99983,88,Executive,0,1,High,462824
1063,Male,63,131122,40,Artist,9,6,Average,462824
1064,Female,58,173190,37,Doctor,9,4,Average,462829
1065,Male,23,122712,21,Marketing,1,1,Average,462833
1066,Female,80,55792,30,Artist,1,6,Average,462835
1067,Male,45,73892,45,Doctor,1,4,Average,462844
1068,Female,30,78821,46,,1,4,Average,462845
1069,Female,84,152475,12,Artist,0,7,Low,462849
1070,Male,45,152226,87,Artist,4,4,High,462849
1071,Male,85,117679,18,Entertainment,1,3,Low,462859
1072,Male,23,146473,87,Artist,1,4,High,462868
1073,Male,79,66051,75,Healthcare,1,7,High,462868
1074,Male,47,162332,72,Entertainment,1,5,High,462871
1075,Female,93,166018,71,Doctor,0,3,High,462871
1076,Female,95,67398,81,Entertainment,2,5,High,462882
1077,Male,44,73760,70,Entertainment,1,6,High,462892
1078,Male,95,167578,66,Entertainment,0,1,High,462893
1079,Male,28,130267,45,Engineer,8,4,Average,462894
1080,Male,91,94846,95,Engineer,0,5,High,462894
1081,Female,81,155396,1,Engineer,9,5,Low,462900
1082,Female,90,138013,16,Artist,8,7,Low,462900
1083,Male,79,148286,77,Entertainment,0,4,High,462902
1084,Female,6,101031,28,Artist,1,1,Average,462903
1085,Female,38,52884,24,Lawyer,1,1,Average,462903
1086,Male,87,153230,15,Healthcare,8,1,Low,462911
1087,Female,93,63261,13,Engineer,1,7,Low,462915
1088,Male,44,90167,84,Engineer,0,3,High,462916
1089,Female,10,162076,78,,0,3,High,462918
1090,Female,84,53622,27,Artist,0,3,Average,462919
1091,Female,7,172913,94,Executive,3,4,High,462921
1092,Female,41,94316,86,Artist,0,6,High,462923
1093,Male,87,141383,3,,7,5,Low,462923
1094,Female,33,67874,55,Artist,0,2,High,462924
1095,Female,34,176554,62,Healthcare,1,2,High,462925
1096,Female,53,135341,56,Healthcare,10,2,High,462925
1097,Female,47,129019,57,Healthcare,0,3,High,462928
1098,Male,53,107879,3,Doctor,1,6,Low,462930
1099,Male,92,79531,4,Artist,1,1,Low,462931
1100,Male,89,63379,59,Artist,12,7,High,462945
1101,Female,27,156258,54,Entertainment,0,4,High,462949
1102,Male,70,67874,41,Entertainment,9,3,Average,462953
1103,Female,86,159964,57,Engineer,5,6,High,462956
1104,Female,99,103706,50,Entertainment,1,2,High,462956
1105,Female,96,64713,84,Entertainment,2,7,High,462960
1106,Female,65,90414,55,Artist,1,5,High,462961
1107,Female,82,171100,34,Executive,0,5,Average,462963
1108,Male,36,187305,85,Engineer,6,7,High,462963
1109,Female,30,139758,46,Lawyer,0,6,Average,462964
1110,Female,96,91226,56,Healthcare,0,5,High,462966
1111,Female,69,143928,30,Engineer,9,7,Average,462967
1112,Female,34,92366,14,Healthcare,0,6,Low,462970
1113,Male,74,175041,25,Artist,4,1,Average,462973
1114,Male,97,147301,93,Lawyer,1,5,High,462975
1115,Male,56,119296,49,Engineer,0,7,Average,462976
1116,Female,30,126306,44,Artist,0,1,Average,462976
1117,Male,13,100647,49,Executive,1,3,Average,462977
1118,Female,95,168663,16,Engineer,11,5,Low,462978
1119,Female,2,105391,42,Executive,1,7,Average,462982
1120,Female,78,175179,43,Executive,9,4,Average,462982
1121,Female,54,165019,12,Entertainment,1,2,Low,462985
1122,Female,85,68212,26,Healthcare,7,4,Average,462993
1123,Male,13,64572,71,Artist,1,2,High,462993
1124,Female,85,92591,99,Artist,8,2,High,462994
1125,Female,41,69730,97,Artist,1,4,High,462994
1126,Female,25,156793,57,Marketing,2,4,High,462995
1127,Female,74,56848,41,Artist,5,1,Average,462996
1128,Male,8,148450,55,Healthcare,0,6,High,462997
1129,Male,62,150619,32,Artist,10,6,Average,462998
1130,Male,52,100261,10,Artist,1,6,Low,462998
1131,Female,36,109895,56,Healthcare,5,2,High,463003
1132,Male,11,152684,24,Lawyer,0,3,Average,463003
1133,Female,84,133765,83,Artist,1,3,High,463004
1134,Female,99,57677,99,Lawyer,0,5,High,463005
1135,Female,51,112358,27,Artist,0,6,Average,463020
1136,Female,57,73845,52,Artist,1,7,High,463020
1137,Male,92,89531,42,Healthcare,6,2,Average,463027
1138,Male,29,118092,100,Entertainment,7,3,High,463029
1139,Male,62,144242,49,Entertainment,1,4,Average,463031
1140,Female,43,140876,90,Entertainment,0,4,High,463035
1141,Male,72,76888,26,Marketing,0,1,Average,463037
1142,Female,28,116644,88,Artist,6,3,High,463037
1143,Female,57,143021,3,Executive,5,4,Low,463041
1144,Female,86,145679,91,Lawyer,9,6,High,463050
1145,Female,26,64398,7,Lawyer,1,6,Low,463053
1146,Female,13,104512,40,Marketing,9,3,Average,463056
1147,Male,1,71564,68,Artist,1,5,High,463062
1148,Female,89,122707,64,Homemaker,2,3,High,463062
1149,Female,91,51733,96,Healthcare,0,5,High,463068
1150,Female,67,138087,63,Marketing,1,7,High,463073
1151,Male,63,147278,51,Lawyer,0,4,High,463087
1152,Female,90,187339,62,Healthcare,0,6,High,463090
1153,Female,87,129972,97,Executive,1,6,High,463090
1154,Female,89,151176,55,Healthcare,1,2,High,463094
1155,Female,34,74358,60,Artist,0,6,High,463094
1156,Male,89,83953,82,Healthcare,0,3,High,463097
1157,Male,31,62925,24,Engineer,1,6,Average,463103
1158,Male,55,65257,93,Doctor,2,3,High,463122
1159,Female,3,188557,4,Healthcare,9,2,Low,463124
1160,Male,64,163783,84,Healthcare,3,1,High,463126
1161,Female,1,108342,97,Doctor,0,3,High,463133
1162,Female,20,155951,21,Healthcare,7,4,Average,463133
1163,Female,18,183071,29,Artist,7,4,Average,463135
1164,Female,83,124104,20,Healthcare,4,6,Average,463140
1165,Female,21,136747,3,Healthcare,1,1,Low,463146
1166,Male,19,189498,18,Artist,4,1,Low,463146
1167,Female,74,76149,48,Artist,9,6,Average,463149
1168,Female,44,185550,54,Artist,0,1,High,463149
1169,Female,52,119567,19,Artist,5,2,Low,463152
1170,Female,14,79806,30,Engineer,1,6,Average,463164
1171,Male,10,180774,66,Entertainment,1,5,High,463164
1172,Female,80,90142,50,Lawyer,1,2,High,463165
1173,Female,82,184481,84,Executive,0,2,High,463165
1174,Female,32,66089,75,Artist,6,3,High,463167
1175,Female,16,60044,83,Artist,4,1,High,463168
1176,Male,61,52543,23,Executive,0,6,Average,463176
1177,Male,57,50429,23,Artist,0,1,Average,463181
1178,Male,95,178228,45,Engineer,1,2,Average,463181
1179,Female,38,161130,98,Artist,8,3,High,463184
1180,Male,70,87976,38,Lawyer,1,6,Average,463185
1181,Female,40,179150,91,Artist,5,2,High,463190
1182,Female,92,163442,32,Executive,1,6,Average,463192
1183,Female,73,108159,18,Entertainment,8,7,Low,463192
1184,Female,62,73419,14,Healthcare,0,1,Low,463194
1185,Female,12,138425,78,Doctor,11,6,High,463200
1186,Male,65,54431,93,Healthcare,1,7,High,463207
1187,Female,88,168437,81,Artist,2,2,High,463208
1188,Female,55,71322,54,Entertainment,1,6,High,463218
1189,Female,99,122548,14,,2,5,Low,463218
1190,Female,20,141428,32,Entertainment,1,5,Average,463220
1191,Male,97,142214,32,Artist,7,4,Average,463220
1192,Female,93,62590,43,Artist,9,6,Average,463225
1193,Male,84,172523,83,Artist,6,2,High,463226
1194,Female,16,157588,76,Executive,2,6,High,463227
1195,Female,10,143313,57,Doctor,4,7,High,463228
1196,Female,59,119833,38,Doctor,1,2,Average,463231
1197,Female,54,70803,35,Entertainment,0,5,Average,463233
1198,Male,82,139008,47,Artist,1,4,Average,463240
1199,Male,83,126669,53,Artist,1,6,High,463240
1200,Male,87,122722,10,Executive,9,4,Low,463245
1201,Male,1,79800,47,Artist,0,1,Average,463245
1202,Male,89,100155,5,Healthcare,6,1,Low,463248
1203,Female,32,110846,49,Artist,0,2,Average,463248
1204,Female,1,106841,69,Entertainment,0,3,High,463252
1205,Female,54,117181,66,Doctor,12,5,High,463253
1206,Female,56,86898,76,Healthcare,0,6,High,463258
1207,Female,31,143241,81,Executive,4,7,High,463258
1208,Female,26,146028,33,Healthcare,0,5,Average,463261
1209,Male,7,165287,65,Doctor,1,3,High,463265
1210,Female,60,132486,9,Artist,1,2,Low,463265
1211,Male,92,96424,74,Artist,8,5,High,463266
1212,Female,93,151468,41,Artist,1,5,Average,463269
1213,Female,8,76561,79,Healthcare,0,1,High,463269
1214,Female,81,125316,81,Lawyer,0,6,High,463273
1215,Male,21,109373,22,Entertainment,4,2,Average,463273
1216,Male,96,135042,12,Artist,0,7,Low,463275
1217,Female,78,59784,81,Artist,3,3,High,463276
1218,Male,86,140687,63,Artist,1,2,High,463276
1219,Male,1,182927,55,Healthcare,1,1,High,463280
1220,Female,62,175534,44,Artist,1,6,Average,463280
1221,Male,68,170957,6,Lawyer,1,3,Low,463281
1222,Male,70,81197,76,Artist,0,4,High,463286
1223,Female,21,104888,8,Healthcare,0,4,Low,463287
1224,Male,74,184838,18,,8,5,Low,463288
1225,Female,62,139588,66,Executive,0,2,High,463289
1226,Male,22,126543,45,Homemaker,0,3,Average,463291
1227,Female,87,177260,45,Entertainment,14,2,Average,463303
1228,Male,44,156823,42,Healthcare,9,5,Average,463309
1229,Female,27,183201,52,Engineer,8,6,High,463341
1230,Female,95,84925,46,Artist,4,6,Average,463341
1231,Male,89,69719,47,Artist,9,2,Average,463344
1232,Female,41,61355,13,Healthcare,1,3,Low,463347
1233,Male,41,156014,49,Doctor,14,5,Average,463352
1234,Male,21,184088,21,Entertainment,11,7,Average,463353
1235,Female,59,158372,98,Artist,1,1,High,463355
1236,Female,64,135742,67,Healthcare,1,7,High,463357
1237,Female,38,145704,82,Marketing,0,4,High,463358
1238,Female,70,157307,23,Executive,4,3,Average,463372
1239,Female,25,88064,73,Executive,1,5,High,463381
1240,Female,3,167226,59,Homemaker,3,1,High,463389
1241,Female,70,153821,8,Marketing,1,4,Low,463390
1242,Male,29,170669,78,Doctor,9,5,High,463409
1243,Male,88,93555,13,Artist,3,3,Low,463409
1244,Female,20,101941,18,Healthcare,1,3,Low,463410
1245,Female,58,78795,44,Engineer,0,6,Average,463411
1246,Female,70,55875,94,Engineer,0,5,High,463411
1247,Female,44,177513,81,Lawyer,1,5,High,463413
1248,Female,87,100850,83,Doctor,0,3,High,463421
1249,Female,0,143082,63,Entertainment,0,7,High,463423
1250,Female,96,85447,4,Artist,9,6,Low,463423
1251,Female,75,114213,33,Doctor,9,4,Average,463424
1252,Male,14,161120,69,Executive,0,1,High,463431
1253,Female,8,186682,86,Entertainment,1,1,High,463431
1254,Male,58,105302,75,Doctor,0,3,High,463434
1255,Female,5,133400,47,Engineer,0,6,Average,463437
1256,Male,70,56432,23,Engineer,0,5,Average,463437
1257,Female,49,136467,72,Healthcare,3,3,High,463438
1258,Male,60,189945,20,Engineer,0,5,Average,463439
1259,Female,25,163966,48,Lawyer,1,5,Average,463440
1260,Male,47,52152,17,Artist,0,3,Low,463443
1261,Male,53,145720,62,Homemaker,12,7,High,463443
1262,Male,24,188034,61,Healthcare,1,5,High,463445
1263,Female,46,127911,3,Homemaker,9,2,Low,463446
1264,Female,70,174114,31,Lawyer,1,1,Average,463447
1265,Male,53,144489,10,Artist,14,3,Low,463447
1266,Male,63,77440,47,Lawyer,0,5,Average,463448
1267,Female,24,86119,44,Artist,1,6,Average,463449
1268,Female,5,100056,49,Entertainment,1,3,Average,463457
1269,Male,7,66686,50,Artist,8,7,High,463458
1270,Female,71,74696,41,Doctor,1,6,Average,463460
1271,Male,23,65641,50,Entertainment,4,5,High,463460
1272,Female,0,61228,81,Entertainment,1,6,High,463462
1273,Female,2,138529,87,Healthcare,0,4,High,463462
1274,Female,72,152405,4,Artist,1,4,Low,463465
1275,Male,18,157757,84,Doctor,0,4,High,463468
1276,Male,11,166361,59,Engineer,6,4,High,463474
1277,Female,95,67227,30,Artist,1,7,Average,463476
1278,Male,20,161156,88,Engineer,0,4,High,463478
1279,Female,58,170647,70,Healthcare,1,7,High,463481
1280,Female,67,161646,36,Healthcare,0,2,Average,463491
1281,Male,43,98016,18,Healthcare,9,6,Low,463491
1282,Male,36,50526,19,Artist,0,6,Low,463494
1283,Male,2,175208,43,Executive,8,4,Average,463506
1284,Female,35,97721,48,Engineer,0,7,Average,463514
1285,Female,81,142013,81,Entertainment,3,4,High,463515
1286,Male,84,166737,76,Artist,0,3,High,463519
1287,Female,18,62651,13,Entertainment,0,2,Low,463524
1288,Female,54,179546,4,Homemaker,8,4,Low,463539
1289,Female,98,51866,81,Artist,12,7,High,463540
1290,Female,75,86297,42,Executive,9,4,Average,463544
1291,Female,98,65031,23,Artist,0,4,Average,463550
1292,Male,94,69383,25,Entertainment,0,2,Average,463550
1293,Male,24,70733,63,Artist,5,3,High,463551
1294,Female,47,187898,89,Artist,6,2,High,463558
1295,Female,40,116001,55,Engineer,1,4,High,463566
1296,Male,68,87040,4,Artist,9,1,Low,463566
1297,Female,18,180956,74,Artist,2,2,High,463567
1298,Female,83,115517,82,Healthcare,0,6,High,463569
1299,Male,34,76979,46,Lawyer,1,3,Average,463570
1300,Male,81,50798,56,Artist,10,5,High,463572
1301,Female,61,146350,43,Artist,1,3,Average,463572
1302,Female,77,81112,61,Healthcare,5,3,High,463577
1303,Male,52,80605,20,Doctor,1,6,Average,463577
1304,Male,40,171949,11,Doctor,1,6,Low,463579
1305,Male,93,159006,26,Artist,8,6,Average,463583
1306,Female,45,177368,96,Healthcare,1,2,High,463594
1307,Female,83,187643,3,Artist,1,1,Low,463609
1308,Male,23,93841,25,Lawyer,0,7,Average,463610
1309,Male,15,131061,92,Healthcare,0,7,High,463613
1310,Male,79,146130,20,Entertainment,6,6,Average,463615
1311,Male,80,84471,79,Doctor,1,5,High,463615
1312,Female,35,144485,15,Entertainment,0,4,Low,463616
1313,Female,39,158638,78,Healthcare,2,5,High,463616
1314,Male,4,96693,28,Entertainment,0,4,Average,463625
1315,Female,83,129507,93,Healthcare,4,7,High,463632
1316,Female,94,114510,39,Healthcare,0,4,Average,463632
1317,Female,33,109396,17,,1,2,Low,463633
1318,Female,12,149031,96,Artist,10,5,High,463638
1319,Female,77,66256,13,Lawyer,1,2,Low,463638
1320,Female,48,118285,69,Doctor,8,4,High,463646
1321,Male,97,128723,58,Artist,4,5,High,463658
1322,Female,28,178285,91,Artist,4,7,High,463661
1323,Female,99,144176,74,Marketing,7,2,High,463661
1324,Male,27,82474,31,Artist,9,3,Average,463662
1325,Female,95,159010,84,Lawyer,6,2,High,463665
1326,Female,6,76164,83,Artist,6,2,High,463665
1327,Male,18,77873,49,Executive,6,5,Average,463671
1328,Male,42,53392,89,Artist,6,4,High,463682
1329,Male,50,168898,41,Artist,9,7,Average,463683
1330,Male,86,128917,7,Homemaker,5,5,Low,463698
1331,Male,69,185067,49,Lawyer,5,4,Average,463702
1332,Male,23,132183,76,Artist,10,3,High,463705
1333,Female,82,82060,46,Healthcare,7,1,Average,463708
1334,Female,97,133614,58,Artist,7,4,High,463712
1335,Male,42,94844,64,,7,6,High,463714
1336,Female,75,76474,5,Doctor,5,5,Low,463714
1337,Female,14,94655,9,Healthcare,8,1,Low,463717
1338,Male,3,60933,30,Doctor,8,1,Average,463720
1339,Male,16,79257,82,Healthcare,6,2,High,463728
1340,Female,45,125677,36,Entertainment,5,2,Average,463728
1341,Female,23,127971,56,Artist,1,5,High,463734
1342,Male,38,76103,62,Executive,9,3,High,463734
1343,Female,45,114741,96,Artist,0,5,High,463736
1344,Female,82,157994,92,Artist,1,1,High,463742
1345,Male,73,93786,44,Entertainment,3,1,Average,463745
1346,Male,36,75178,41,Entertainment,1,7,Average,463745
1347,Male,13,175267,81,Healthcare,1,4,High,463747
1348,Female,96,99263,100,Healthcare,8,1,High,463747
1349,Female,83,52590,3,Healthcare,0,4,Low,463750
1350,Male,33,170959,75,Artist,0,4,High,463756
1351,Male,68,135076,60,Engineer,1,5,High,463756
1352,Male,88,167112,34,Lawyer,0,1,Average,463761
1353,Female,87,184639,12,Doctor,1,6,Low,463761
1354,Female,88,172369,80,Artist,6,6,High,463763
1355,Female,43,124256,67,Marketing,1,7,High,463764
1356,Female,64,89972,92,Artist,10,6,High,463764
1357,Male,96,67799,42,Entertainment,1,6,Average,463766
1358,Female,72,176074,70,Doctor,1,7,High,463766
1359,Male,48,167517,27,Artist,2,7,Average,463767
1360,Female,64,77914,11,Artist,1,6,Low,463767
1361,Female,8,57605,81,Doctor,0,2,High,463773
1362,Female,52,86365,70,Engineer,1,7,High,463774
1363,Male,3,93883,39,Healthcare,1,2,Average,463774
1364,Female,44,131091,62,Artist,4,1,High,463776
1365,Male,14,87222,14,Healthcare,8,4,Low,463776
1366,Female,50,117076,45,Doctor,1,2,Average,463786
1367,Male,53,150925,1,Healthcare,1,2,Low,463786
1368,Female,31,149379,100,Lawyer,0,3,High,463811
1369,Female,31,138644,94,Engineer,4,3,High,463812
1370,Male,97,148493,42,Doctor,4,7,Average,463815
1371,Male,27,84658,66,Lawyer,4,6,High,463822
1372,Male,2,111618,99,Lawyer,6,5,High,463825
1373,Male,81,108759,60,Artist,7,6,High,463825
1374,Male,64,186203,73,Artist,10,5,High,463827
1375,Female,11,147258,59,Lawyer,10,2,High,463827
1376,Female,78,132983,67,Healthcare,7,7,High,463828
1377,Male,72,149092,39,Engineer,8,1,Average,463828
1378,Male,36,163845,84,Doctor,5,7,High,463829
1379,Male,97,117777,67,Artist,5,5,High,463834
1380,Male,88,131584,18,Artist,7,3,Low,463834
1381,Female,21,123904,91,Artist,7,5,High,463845
1382,Female,62,89801,88,Artist,5,4,High,463847
1383,Male,73,173466,57,Entertainment,10,5,High,463847
1384,Female,34,55690,4,Marketing,4,6,Low,463848
1385,Female,50,104467,72,,5,1,High,463851
1386,Male,39,100419,19,Artist,5,4,Low,463853
1387,Female,82,62951,47,Lawyer,8,2,Average,463855
1388,Male,39,118554,1,Lawyer,4,6,Low,463856
1389,Female,13,140673,49,Artist,6,7,Average,463856
1390,Female,68,75561,87,Healthcare,5,3,High,463858
1391,Female,77,147306,50,Healthcare,6,6,High,463859
1392,Female,35,111871,30,Doctor,10,1,Average,463859
1393,Male,5,112884,43,Healthcare,0,6,Average,463862
1394,Female,47,121267,58,Engineer,1,1,High,463863
1395,Female,48,151519,93,Artist,7,2,High,463865
1396,Female,34,105448,40,Artist,0,5,Average,463865
1397,Female,20,92048,91,Healthcare,1,1,High,463866
1398,Male,61,99980,94,Healthcare,10,1,High,463868
1399,Male,16,84003,68,Artist,9,6,High,463869
1400,Male,2,110889,95,Executive,1,2,High,463873
1401,Female,52,82478,95,Executive,10,1,High,463876
1402,Male,99,139685,20,Healthcare,1,4,Average,463877
1403,Female,84,182374,62,Entertainment,0,6,High,463877
1404,Female,58,119366,94,Engineer,4,2,High,463881
1405,Female,91,53788,57,Doctor,0,2,High,463887
1406,Female,1,90341,92,Doctor,0,2,High,463894
1407,Female,67,118348,94,Engineer,1,7,High,463895
1408,Male,56,137428,87,Artist,0,2,High,463897
1409,Female,62,106982,53,Entertainment,1,7,High,463902
1410,Female,12,98532,52,Doctor,0,6,High,463905
1411,Female,38,120825,24,Executive,9,7,Average,463906
1412,Female,51,58006,83,Executive,1,5,High,463910
1413,Male,20,106941,73,Artist,1,1,High,463912
1414,Male,43,129782,31,Entertainment,1,2,Average,463929
1415,Male,93,121513,90,Engineer,0,6,High,463930
1416,Female,54,79925,30,Healthcare,0,3,Average,463931
1417,Male,23,112089,74,Healthcare,7,7,High,463931
1418,Female,1,138656,27,,3,4,Average,463932
1419,Female,64,146794,90,Healthcare,8,3,High,463932
1420,Female,55,75033,30,Engineer,5,5,Average,463934
1421,Female,85,149969,78,Executive,0,6,High,463935
1422,Female,20,124852,39,Healthcare,5,5,Average,463936
1423,Male,73,154837,42,Executive,8,4,Average,463947
1424,Female,53,145678,55,Executive,0,1,High,463951
1425,Female,7,137354,89,Artist,8,7,High,463951
1426,Female,50,136660,48,Entertainment,1,3,Average,463953
1427,Female,12,63334,99,Artist,0,6,High,463954
1428,Male,37,62893,29,Executive,1,5,Average,463960
1429,Male,78,163514,89,Doctor,9,2,High,463971
1430,Male,29,145934,40,Marketing,10,2,Average,463978
1431,Female,54,119223,58,Lawyer,10,7,High,463978
1432,Male,89,127479,18,Doctor,10,2,Low,463983
1433,Female,25,136146,98,Artist,6,6,High,463983
1434,Female,14,76001,46,Artist,7,3,Average,463988
1435,Female,12,84885,24,Healthcare,6,2,Average,463990
1436,Female,18,82812,1,Artist,6,2,Low,463992
1437,Male,74,51260,43,Entertainment,5,5,Average,463993
1438,Male,21,159572,42,Healthcare,5,5,Average,463997
1439,Male,9,130186,88,Artist,9,7,High,463997
1440,Female,49,176954,57,Artist,5,6,High,464001
1441,Male,58,85908,99,Artist,5,4,High,464008
1442,Female,16,75831,5,Healthcare,10,7,Low,464009
1443,Female,55,123045,56,Engineer,7,3,High,464009
1444,Female,31,161211,10,Lawyer,9,1,Low,464043
1445,Female,59,81702,27,Marketing,6,4,Average,464051
1446,Female,25,173043,3,Artist,8,6,Low,464054
1447,Male,63,126380,90,Artist,6,1,High,464054
1448,Female,60,128205,27,Healthcare,6,5,Average,464056
1449,Female,41,181355,73,Artist,10,3,High,464061
1450,Female,84,97931,70,Healthcare,9,7,High,464074
1451,Male,72,146432,25,Artist,6,1,Average,464079
1452,Female,97,125731,41,Artist,6,4,Average,464086
1453,Female,43,132701,70,Healthcare,5,2,High,464092
1454,Female,63,116095,8,Artist,5,1,Low,464099
1455,Female,7,135773,42,Artist,9,5,Average,464099
1456,Male,54,136417,45,Healthcare,9,6,Average,464101
1457,Male,27,80783,82,Artist,9,3,High,464102
1458,Male,28,182580,60,Executive,6,6,High,464103
1459,Female,84,143567,48,Artist,7,2,Average,464103
1460,Male,71,85908,85,Entertainment,5,4,High,464104
1461,Female,88,139806,99,Entertainment,4,4,High,464105
1462,Female,75,77269,24,Artist,8,1,Average,464107
1463,Female,96,105968,65,Engineer,4,5,High,464108
1464,Female,83,125660,19,Engineer,10,4,Low,464109
1465,Female,86,98444,76,Entertainment,7,4,High,464111
1466,Male,60,179503,9,Artist,4,3,Low,464119
1467,Female,5,60575,14,Engineer,5,2,Low,464122
1468,Female,65,75685,19,Marketing,7,3,Low,464125
1469,Female,49,85374,45,Artist,8,5,Average,464128
1470,Female,78,128642,19,Marketing,5,6,Low,464136
1471,Male,25,182292,78,Artist,7,5,High,464144
1472,Female,5,124702,94,Artist,10,3,High,464144
1473,Female,58,127833,2,Artist,7,7,Low,464149
1474,Female,80,178866,97,Artist,8,4,High,464150
1475,Female,94,183643,51,Artist,5,5,High,464154
1476,Male,62,113306,4,Executive,5,6,Low,464160
1477,Male,20,84008,77,Artist,8,4,High,464173
1478,Male,85,85758,35,Lawyer,10,4,Average,464173
1479,Female,72,63128,45,Engineer,8,7,Average,464179
1480,Male,95,70174,6,Executive,10,6,Low,464179
1481,Female,97,170133,42,Engineer,5,5,Average,464182
1482,Female,25,165978,42,Artist,7,3,Average,464182
1483,Female,17,149727,78,Artist,7,3,High,464184
1484,Female,19,147052,86,,9,4,High,464186
1485,Female,59,113389,79,Doctor,4,6,High,464209
1486,Male,30,111690,73,Entertainment,10,4,High,464211
1487,Female,63,184830,60,Doctor,9,3,High,464211
1488,Female,23,91549,23,Artist,4,3,Average,464212
1489,Female,97,94629,17,Marketing,6,3,Low,464212
1490,Female,97,167558,99,Artist,4,7,High,464226
1491,Male,94,119189,57,Artist,9,3,High,464226
1492,Female,28,96207,67,Artist,5,5,High,464231
1493,Male,21,85339,6,Doctor,4,7,Low,464231
1494,Female,25,111942,7,Artist,5,5,Low,464233
1495,Female,48,157003,45,Engineer,5,4,Average,464235
1496,Female,53,117123,23,Artist,9,7,Average,464239
1497,Female,97,172747,76,Artist,7,2,High,464246
1498,Male,33,157358,52,Healthcare,7,4,High,464246
1499,Male,5,156655,20,Entertainment,4,5,Average,464251
1500,Male,72,166043,93,Doctor,7,6,High,464252
1501,Male,40,67768,15,Doctor,10,6,Low,458990
1502,Male,34,171353,34,Doctor,8,4,Average,458991
1503,Female,63,116971,76,Executive,7,5,High,458995
1504,Female,85,97822,38,Doctor,5,3,Average,459000
1505,Female,86,117203,83,Healthcare,10,3,High,459000
1506,Female,63,88720,100,Artist,10,1,High,459003
1507,Female,9,173233,18,,5,1,Low,459003
1508,Female,76,139447,36,Artist,8,7,Average,459004
1509,Male,19,179269,93,Entertainment,6,3,High,459017
1510,Female,84,136254,90,Engineer,5,6,High,459018
1511,Male,38,174594,56,Executive,8,2,High,459019
1512,Female,1,100429,19,Entertainment,9,1,Low,459028
1513,Female,30,73107,48,Artist,9,1,Average,459029
1514,Female,86,98344,25,Artist,6,6,Average,459030
1515,Male,21,163509,21,Healthcare,10,1,Average,459031
1516,Male,15,116204,16,Engineer,8,2,Low,459049
1517,Female,87,95853,53,Healthcare,9,1,High,459053
1518,Male,40,156411,70,Artist,6,5,High,459054
1519,Male,2,72889,36,Homemaker,5,7,Average,459056
1520,Female,63,106691,79,Healthcare,9,3,High,459056
1521,Male,26,144832,42,Artist,5,3,Average,459057
1522,Male,29,132297,53,Entertainment,8,1,High,459057
1523,Female,7,170345,3,Executive,9,5,Low,459059
1524,Male,28,157383,13,Lawyer,8,2,Low,459059
1525,Female,99,150782,18,Executive,8,2,Low,459061
1526,Male,69,143987,87,Healthcare,10,5,High,459061
1527,Female,13,129659,59,Entertainment,6,7,High,459062
1528,Male,73,104826,36,Healthcare,5,1,Average,459064
1529,Female,4,181471,59,Healthcare,10,4,High,459064
1530,Female,42,152547,56,Artist,7,4,High,459066
1531,Male,43,85347,9,Doctor,1,1,Low,459077
1532,Female,79,122828,32,Executive,0,5,Average,459077
1533,Male,18,107794,17,Engineer,0,5,Low,459078
1534,Male,39,152566,11,Entertainment,1,7,Low,459079
1535,Female,41,91715,99,Entertainment,0,3,High,459079
1536,Female,60,99222,48,Artist,1,6,Average,459084
1537,Female,39,70280,99,Engineer,0,4,High,459092
1538,Female,90,70030,86,Healthcare,1,2,High,459097
1539,Female,83,102083,24,Artist,1,1,Average,459105
1540,Female,92,166163,87,Engineer,8,5,High,459112
1541,Female,6,182871,27,Engineer,8,6,Average,459117
1542,Male,50,187545,61,Executive,4,6,High,459117
1543,Male,90,182910,86,Entertainment,0,1,High,459119
1544,Female,13,174530,30,Lawyer,1,6,Average,459119
1545,Female,27,115438,37,Artist,0,6,Average,459123
1546,Female,93,93964,80,Artist,4,2,High,459124
1547,Female,61,180341,75,Healthcare,1,3,High,459128
1548,Female,91,107323,1,Engineer,7,7,Low,459130
1549,Female,79,119435,55,Entertainment,0,7,High,459130
1550,Female,80,68341,22,Artist,13,6,Average,459134
1551,Female,16,95365,60,Artist,0,5,High,459135
1552,Male,4,131093,79,Lawyer,1,7,High,459142
1553,Female,34,100621,3,Healthcare,1,1,Low,459143
1554,Male,10,116521,47,Doctor,0,2,Average,459143
1555,Female,3,136316,88,Executive,0,3,High,459144
1556,Male,96,172039,51,Lawyer,0,6,High,459149
1557,Female,48,70844,22,Entertainment,0,3,Average,459153
1558,Male,25,100964,96,Marketing,1,6,High,459154
1559,Female,98,128037,39,Entertainment,6,2,Average,459156
1560,Male,84,97081,75,Marketing,1,3,High,459161
1561,Male,88,92247,47,Marketing,0,6,Average,459161
1562,Male,86,129914,92,Artist,1,3,High,459162
1563,Female,0,94014,53,Engineer,9,5,High,459162
1564,Female,56,138864,93,Artist,0,5,High,459178
1565,Male,6,169299,46,Marketing,1,5,Average,459180
1566,Male,2,119097,40,Healthcare,0,7,Average,459181
1567,Female,73,68161,23,Doctor,1,2,Average,459181
1568,Female,38,181108,32,Homemaker,1,1,Average,459194
1569,Male,37,87764,59,Engineer,9,7,High,459194
1570,Female,41,102543,54,Artist,7,3,High,459208
1571,Male,94,139417,13,Artist,1,3,Low,459208
1572,Female,57,81802,29,Homemaker,9,1,Average,459210
1573,Female,96,102788,51,Artist,0,1,High,459210
1574,Female,59,163179,19,Healthcare,1,7,Low,459218
1575,Male,87,71318,22,Healthcare,1,3,Average,459220
1576,Male,55,63683,34,Healthcare,3,1,Average,459220
1577,Female,16,189689,37,Healthcare,8,5,Average,459230
1578,Male,82,121610,36,Artist,0,5,Average,459232
1579,Female,83,150682,25,Artist,1,1,Average,459236
1580,Female,96,124550,46,Marketing,0,3,Average,459236
1581,Male,55,148875,99,Artist,0,4,High,459238
1582,Male,6,107117,44,Artist,1,3,Average,459252
1583,Male,33,109223,43,Engineer,1,5,Average,459256
1584,Female,0,120899,7,Marketing,2,6,Low,459258
1585,Female,27,101948,31,Artist,0,5,Average,459258
1586,Male,72,143169,58,Engineer,0,4,High,459259
1587,Female,13,167619,4,Healthcare,7,6,Low,459270
1588,Female,19,181795,59,Healthcare,3,5,High,459270
1589,Female,48,186445,41,Engineer,0,1,Average,459272
1590,Female,58,102205,24,Artist,1,1,Average,459274
1591,Female,21,52326,69,Healthcare,0,2,High,459278
1592,Male,91,82992,5,Entertainment,1,5,Low,459284
1593,Male,44,145520,55,Homemaker,1,7,High,459284
1594,Female,80,104820,96,Artist,2,4,High,459297
1595,Female,28,69025,79,Entertainment,0,2,High,459305
1596,Male,74,164976,89,Entertainment,0,4,High,459309
1597,Female,79,178576,51,Executive,5,5,High,459317
1598,Female,42,72415,52,Marketing,0,5,High,459319
1599,Male,80,112146,24,Entertainment,0,3,Average,459325
1600,Male,8,144830,43,Artist,0,1,Average,459328
1601,Female,24,51661,79,Entertainment,0,7,High,459329
1602,Female,71,152910,90,Artist,1,6,High,459339
1603,Male,1,114556,64,Entertainment,0,7,High,459339
1604,Male,0,143455,62,Healthcare,1,6,High,459341
1605,Male,30,173096,92,Healthcare,0,3,High,459342
1606,Female,52,121172,97,Healthcare,5,4,High,459344
1607,Female,34,56492,15,Homemaker,8,1,Low,459344
1608,Male,64,156422,39,Entertainment,1,7,Average,459349
1609,Male,17,131863,94,Artist,1,7,High,459349
1610,Male,71,118096,36,Lawyer,0,3,Average,459350
1611,Male,87,149685,30,Executive,9,6,Average,459351
1612,Female,68,89765,28,Artist,0,7,Average,459354
1613,Female,14,177701,49,Entertainment,0,6,Average,459375
1614,Male,24,64738,67,Artist,0,6,High,459375
1615,Female,10,92734,28,Lawyer,1,4,Average,459386
1616,Female,53,146877,47,Healthcare,4,3,Average,459386
1617,Female,39,62935,60,Artist,0,7,High,459398
1618,Female,16,67178,17,Entertainment,8,3,Low,459398
1619,Female,64,115754,35,Engineer,1,3,Average,459400
1620,Female,41,186470,21,Artist,0,7,Average,459405
1621,Male,16,100939,34,Healthcare,7,6,Average,459405
1622,Female,94,86172,55,Artist,4,4,High,459406
1623,Female,40,184222,17,Healthcare,0,2,Low,459409
1624,Male,81,71543,1,Entertainment,1,4,Low,459409
1625,Female,18,174836,63,Healthcare,0,4,High,459410
1626,Female,78,130706,72,,3,6,High,459410
1627,Male,8,74407,100,Doctor,0,6,High,459413
1628,Male,64,130055,46,Healthcare,2,1,Average,459413
1629,Male,45,88707,81,Healthcare,0,5,High,459418
1630,Male,99,162762,52,Healthcare,1,1,High,459418
1631,Male,59,154821,77,Doctor,0,2,High,459425
1632,Male,53,57248,66,Lawyer,5,5,High,459437
1633,Female,66,99902,54,Engineer,10,2,High,459438
1634,Female,1,165711,50,Artist,1,2,High,459442
1635,Male,73,97455,55,,6,4,High,459444
1636,Female,34,93866,43,Entertainment,9,2,Average,459448
1637,Female,1,141307,17,Healthcare,1,3,Low,459462
1638,Male,73,172011,9,Doctor,1,5,Low,459472
1639,Male,90,68138,18,Healthcare,2,7,Low,459473
1640,Female,32,123246,100,Homemaker,8,6,High,459476
1641,Female,47,124194,32,Doctor,1,7,Average,459485
1642,Male,15,188696,87,Homemaker,8,3,High,459485
1643,Female,78,91213,84,Lawyer,3,5,High,459486
1644,Female,83,166650,99,Healthcare,1,3,High,459492
1645,Male,2,52727,60,Artist,1,3,High,459499
1646,Male,75,126469,86,Entertainment,1,2,High,459499
1647,Male,45,138775,17,Executive,0,7,Low,459503
1648,Female,49,68901,70,Doctor,7,7,High,459503
1649,Female,41,118621,7,Homemaker,0,7,Low,459504
1650,Male,34,109263,77,Entertainment,0,1,High,459507
1651,Male,82,150012,83,Healthcare,3,6,High,459507
1652,Male,37,133850,85,Marketing,9,3,High,459512
1653,Female,25,81640,95,Entertainment,1,6,High,459512
1654,Female,52,133214,1,Marketing,9,7,Low,459525
1655,Female,23,186723,42,Entertainment,8,5,Average,459529
1656,Female,96,92100,23,Artist,9,3,Average,459530
1657,Male,5,64484,10,Homemaker,0,5,Low,459541
1658,Female,47,69024,3,Healthcare,4,5,Low,459543
1659,Male,81,171194,55,Artist,0,5,High,459546
1660,Female,4,183282,34,Artist,1,1,Average,459557
1661,Female,8,100099,74,Healthcare,1,3,High,459560
1662,Female,35,164435,26,Lawyer,1,3,Average,459571
1663,Male,67,172407,60,Doctor,9,3,High,459571
1664,Female,9,84781,14,Executive,1,3,Low,459590
1665,Male,82,186130,61,Lawyer,3,7,High,459595
1666,Female,2,56782,10,Artist,9,5,Low,459597
1667,Male,95,137206,4,Artist,0,4,Low,459597
1668,Female,9,146950,92,Doctor,6,5,High,459603
1669,Female,99,174275,4,Healthcare,0,2,Low,459603
1670,Male,96,97705,41,Homemaker,8,2,Average,459631
1671,Male,92,188984,69,Lawyer,1,4,High,459632
1672,Male,24,119238,55,Artist,1,3,High,459632
1673,Male,58,87923,19,Entertainment,0,5,Low,459640
1674,Male,15,128573,97,Executive,1,1,High,459642
1675,Female,13,132374,96,Marketing,0,3,High,459643
1676,Female,51,135164,75,Artist,9,3,High,459648
1677,Male,9,165194,10,Artist,8,3,Low,459657
1678,Male,0,126060,92,Doctor,1,3,High,459661
1679,Male,67,89366,55,Healthcare,9,3,High,459662
1680,Male,58,95172,77,Healthcare,1,5,High,459667
1681,Female,55,95975,49,Executive,0,1,Average,459687
1682,Female,52,165573,59,Healthcare,0,7,High,459692
1683,Male,83,180887,59,Entertainment,1,1,High,459692
1684,Female,83,142720,86,Executive,0,1,High,459693
1685,Female,90,113460,54,Lawyer,1,7,High,459695
1686,Male,87,110434,20,Artist,7,3,Average,459697
1687,Female,67,146016,38,Artist,1,6,Average,459711
1688,Male,81,101073,67,Executive,0,7,High,459711
1689,Female,36,62617,10,Artist,9,3,Low,459726
1690,Female,51,96028,37,Artist,0,5,Average,459727
1691,Female,31,186334,37,Artist,0,1,Average,459727
1692,Female,57,163473,52,Artist,0,1,High,459731
1693,Male,83,89819,59,Artist,4,2,High,459732
1694,Female,51,69388,33,Engineer,3,4,Average,459733
1695,Female,15,134748,76,Marketing,1,6,High,459737
1696,Female,18,149915,94,Doctor,14,1,High,459739
1697,Female,88,104098,48,Healthcare,1,6,Average,459741
1698,Male,70,80160,10,Artist,8,5,Low,459742
1699,Male,9,124125,91,Artist,1,2,High,459742
1700,Male,6,170226,31,Lawyer,0,3,Average,459748
1701,Female,8,53306,98,Engineer,0,2,High,459748
1702,Male,55,103933,31,Executive,6,3,Average,459756
1703,Female,69,85401,10,Entertainment,4,6,Low,459756
1704,Female,18,53812,32,Homemaker,9,5,Average,459783
1705,Female,13,60771,50,Entertainment,1,7,High,459784
1706,Female,69,56398,75,Entertainment,8,3,High,459786
1707,Female,69,171118,91,Engineer,9,3,High,459793
1708,Male,69,79806,73,Healthcare,0,5,High,459793
1709,Female,89,150187,35,Healthcare,0,5,Average,459804
1710,Female,45,129455,14,Lawyer,0,3,Low,459804
1711,Female,75,116813,72,Entertainment,10,6,High,459811
1712,Female,54,95734,39,Homemaker,8,7,Average,459819
1713,Male,33,76654,48,Artist,4,1,Average,459819
1714,Male,67,86289,96,Artist,1,5,High,459821
1715,Male,26,176147,19,Healthcare,0,1,Low,459829
1716,Female,5,142351,97,Entertainment,0,7,High,459833
1717,Male,65,186673,51,Doctor,1,1,High,459836
1718,Female,94,131521,62,Artist,0,6,High,459838
1719,Female,95,50223,15,Entertainment,8,1,Low,459841
1720,Female,48,74308,23,Entertainment,1,2,Average,459849
1721,Female,41,155881,22,Lawyer,0,7,Average,459854
1722,Female,92,168303,16,Executive,9,4,Low,459860
1723,Male,44,182748,58,Engineer,1,7,High,459861
1724,Female,35,52374,73,Artist,1,1,High,459861
1725,Female,34,86154,17,Doctor,1,2,Low,459862
1726,Female,52,163612,51,Executive,0,5,High,459864
1727,Female,64,64756,17,Marketing,10,1,Low,459864
1728,Male,62,185257,58,Artist,1,4,High,459867
1729,Male,58,78669,75,Artist,1,7,High,459870
1730,Male,15,164520,47,Artist,1,7,Average,459875
1731,Female,65,92135,49,Homemaker,6,4,Average,459888
1732,Male,20,103195,68,Doctor,0,7,High,459902
1733,Female,21,161663,36,Executive,1,7,Average,459913
1734,Female,79,57039,34,Artist,2,6,Average,459920
1735,Female,91,54754,4,Artist,0,2,Low,459925
1736,Female,92,136531,76,Engineer,1,4,High,459925
1737,Male,62,120838,79,Artist,1,4,High,459987
1738,Male,94,127927,48,Doctor,0,4,Average,460012
1739,Male,10,164214,77,Lawyer,0,4,High,460017
1740,Female,53,145498,66,Artist,8,4,High,460078
1741,Male,7,129215,69,Entertainment,9,6,High,460081
1742,Female,92,152429,76,Entertainment,0,2,High,460081
1743,Female,12,89252,31,Entertainment,0,5,Average,460088
1744,Female,31,147447,23,Doctor,6,7,Average,460088
1745,Female,93,74467,33,Lawyer,5,1,Average,460102
1746,Female,66,127410,37,Engineer,8,2,Average,460111
1747,Male,49,91290,44,Healthcare,7,7,Average,460134
1748,Female,64,92812,97,Artist,5,7,High,460134
1749,Female,27,170166,18,Artist,10,4,Low,460155
1750,Female,33,150823,75,Artist,4,1,High,460168
1751,Male,79,95839,30,Executive,7,2,Average,460168
1752,Female,14,60175,60,Executive,9,7,High,460169
1753,Female,22,153024,91,Artist,10,7,High,460171
1754,Female,8,116858,67,Artist,5,7,High,460171
1755,Female,6,122961,47,Doctor,8,2,Average,460222
1756,Male,81,141471,45,Artist,8,6,Average,460222
1757,Male,69,76155,14,Healthcare,8,7,Low,460225
1758,Male,0,108169,24,Executive,10,3,Average,460229
1759,Female,61,139520,39,Artist,8,4,Average,460231
1760,Male,62,182631,52,Artist,5,3,High,460261
1761,Female,95,177134,78,Healthcare,10,2,High,460265
1762,Female,32,181703,54,Lawyer,6,2,High,460265
1763,Female,13,61917,16,Artist,7,2,Low,460279
1764,Female,1,140648,36,Executive,9,7,Average,460290
1765,Female,63,176783,40,Doctor,9,4,Average,460305
1766,Male,75,59741,67,Artist,10,5,High,460305
1767,Female,43,156567,89,Engineer,7,6,High,460370
1768,Female,29,110309,21,Artist,6,2,Average,460370
1769,Female,82,111077,55,Artist,9,7,High,460411
1770,Female,87,170333,96,Entertainment,4,2,High,460422
1771,Male,66,183339,39,Artist,7,4,Average,460422
1772,Female,99,84167,46,Artist,10,7,Average,460434
1773,Female,54,184815,50,Lawyer,6,3,High,460434
1774,Female,49,122556,74,Artist,9,7,High,460438
1775,Female,60,174768,66,Entertainment,9,2,High,460450
1776,Male,75,172309,82,Executive,4,1,High,460450
1777,Male,77,117920,4,Doctor,10,4,Low,460456
1778,Male,34,134882,61,Artist,10,3,High,460483
1779,Female,63,77259,11,Lawyer,6,6,Low,460498
1780,Male,38,170019,38,Artist,7,2,Average,460499
1781,Female,68,176884,94,Engineer,10,2,High,460508
1782,Female,80,106709,93,Marketing,10,2,High,460508
1783,Female,8,168723,31,Homemaker,7,2,Average,460512
1784,Female,86,90228,68,Engineer,7,5,High,460516
1785,Female,1,89473,85,Lawyer,10,4,High,460538
1786,Male,56,131911,42,Healthcare,7,7,Average,460545
1787,Female,14,140107,63,Marketing,6,6,High,460545
1788,Female,4,170403,44,Artist,4,5,Average,460568
1789,Female,58,51416,46,,7,5,Average,460576
1790,Female,6,52648,2,Artist,5,2,Low,460604
1791,Male,17,125471,48,Engineer,7,1,Average,460622
1792,Female,55,106153,62,Artist,10,1,High,460624
1793,Male,14,124785,28,Lawyer,7,2,Average,460626
1794,Female,22,101474,14,Homemaker,10,2,Low,460626
1795,Female,8,141359,65,Healthcare,4,5,High,460631
1796,Female,70,57596,96,Artist,4,1,High,460633
1797,Female,67,78489,81,Artist,7,5,High,460633
1798,Male,50,112957,71,Executive,5,3,High,460635
1799,Male,72,82377,37,Engineer,9,2,Average,460689
1800,Male,76,82315,53,Engineer,6,1,High,460715
1801,Male,80,93253,51,Artist,4,5,High,460723
1802,Male,20,189650,60,Lawyer,8,4,High,460725
1803,Female,89,114858,53,Artist,10,1,High,460727
1804,Female,18,62151,18,Artist,8,2,Low,460727
1805,Female,75,135159,12,Engineer,7,6,Low,460739
1806,Female,5,126263,55,Marketing,6,3,High,460745
1807,Female,79,123064,41,Artist,10,4,Average,460757
1808,Female,31,181773,40,Healthcare,8,1,Average,460760
1809,Male,92,171794,65,Artist,6,5,High,460769
1810,Female,15,156339,27,Homemaker,6,2,Average,460769
1811,Male,94,65483,84,Marketing,10,7,High,460781
1812,Female,35,145654,22,Executive,6,3,Average,460782
1813,Female,68,91609,43,Entertainment,8,1,Average,460786
1814,Female,29,53002,73,Lawyer,5,5,High,460790
1815,Male,87,115699,61,Healthcare,9,1,High,460801
1816,Male,33,149609,44,Executive,9,2,Average,460802
1817,Female,29,165254,7,Executive,9,7,Low,460802
1818,Male,43,50418,49,Healthcare,5,1,Average,460810
1819,Male,43,103531,90,Artist,10,5,High,460811
1820,Female,66,184060,98,Artist,10,5,High,460811
1821,Male,23,75961,70,Executive,5,7,High,460813
1822,Male,87,174163,28,Artist,4,2,Average,460813
1823,Female,81,105255,54,Executive,8,3,High,460815
1824,Male,42,51860,4,Lawyer,4,5,Low,460815
1825,Female,32,185218,83,Healthcare,4,6,High,460819
1826,Male,7,189709,18,Artist,6,6,Low,460823
1827,Female,91,134665,66,Artist,7,2,High,460853
1828,Male,95,91352,9,Doctor,7,3,Low,460876
1829,Female,10,154623,21,Artist,6,6,Average,460883
1830,Female,20,113767,88,Artist,6,2,High,460894
1831,Male,5,160469,61,Lawyer,8,1,High,460906
1832,Female,84,99418,27,Artist,4,2,Average,460906
1833,Male,54,56215,34,Healthcare,10,4,Average,460907
1834,Male,12,55639,63,Healthcare,8,1,High,460907
1835,Female,90,62504,99,Artist,10,4,High,460920
1836,Female,19,151382,38,Lawyer,1,1,Average,460921
1837,Female,91,156574,96,Marketing,0,7,High,460927
1838,Female,90,60998,35,Entertainment,1,7,Average,460933
1839,Female,60,108509,36,Doctor,0,2,Average,460936
1840,Female,68,85540,49,Homemaker,9,1,Average,460937
1841,Female,43,73915,47,Artist,11,2,Average,460947
1842,Male,52,148901,77,Healthcare,4,4,High,460962
1843,Male,81,152602,91,Entertainment,0,1,High,460962
1844,Female,54,58999,22,Entertainment,7,3,Average,460964
1845,Female,43,133740,37,Artist,5,4,Average,460975
1846,Female,20,113217,41,Lawyer,9,1,Average,460975
1847,Female,71,60209,46,Artist,1,3,Average,460977
1848,Female,26,145491,72,Entertainment,9,5,High,460982
1849,Female,75,61393,65,Doctor,7,5,High,460983
1850,Female,52,133252,55,Artist,1,1,High,460992
1851,Female,40,187234,14,Doctor,0,5,Low,461000
1852,Male,5,145563,60,Entertainment,9,6,High,461000
1853,Female,46,165810,38,Healthcare,3,5,Average,461006
1854,Male,98,125181,30,Artist,0,7,Average,461011
1855,Female,84,56809,96,Healthcare,1,2,High,461020
1856,Male,35,69419,68,Healthcare,9,1,High,461023
1857,Female,78,70689,54,Artist,1,4,High,461023
1858,Male,64,55011,53,Artist,1,7,High,461025
1859,Female,98,87955,79,Engineer,0,2,High,461031
1860,Male,66,153660,24,Healthcare,0,5,Average,461032
1861,Male,32,104494,28,Healthcare,6,4,Average,461037
1862,Male,22,184443,44,Executive,3,7,Average,461038
1863,Female,17,150778,35,Entertainment,1,7,Average,461038
1864,Female,22,88729,81,Engineer,1,1,High,461041
1865,Male,9,151902,18,Artist,0,2,Low,461041
1866,Male,24,51604,4,Artist,0,2,Low,461050
1867,Female,8,157316,75,Artist,9,3,High,461050
1868,Female,52,125508,15,Artist,1,6,Low,461053
1869,Male,62,186157,54,Healthcare,1,1,High,461053
1870,Female,37,169381,45,Entertainment,0,4,Average,461056
1871,Male,68,110195,47,Homemaker,9,2,Average,461057
1872,Female,63,81199,80,Entertainment,1,2,High,461059
1873,Female,15,58459,67,Executive,0,6,High,461059
1874,Female,44,173682,89,Artist,12,6,High,461060
1875,Male,18,162983,16,Entertainment,0,6,Low,461060
1876,Male,30,94480,1,Executive,0,4,Low,461092
1877,Female,69,168710,80,Doctor,1,4,High,461116
1878,Male,16,150193,83,Engineer,2,2,High,461116
1879,Female,71,91823,74,Artist,1,4,High,461131
1880,Female,24,173091,24,Entertainment,6,2,Average,461131
1881,Male,57,102692,94,Healthcare,0,2,High,461138
1882,Male,97,156812,77,Healthcare,0,6,High,461150
1883,Male,68,51468,48,Artist,0,3,Average,461153
1884,Female,11,114071,37,Healthcare,0,2,Average,461166
1885,Female,63,155638,81,,1,4,High,461167
1886,Male,68,129971,61,Artist,8,3,High,461192
1887,Female,69,104160,77,Engineer,4,4,High,461224
1888,Female,77,124995,66,Healthcare,0,1,High,461231
1889,Female,73,180437,50,Entertainment,1,5,High,461232
1890,Female,19,134644,96,Executive,1,2,High,461232
1891,Female,1,130089,67,Artist,0,5,High,461250
1892,Male,71,149318,27,Artist,4,1,Average,461273
1893,Male,6,125591,79,Healthcare,8,6,High,461274
1894,Female,68,173047,17,Healthcare,0,3,Low,461274
1895,Female,39,61298,91,Artist,0,5,High,461275
1896,Male,75,132993,55,Entertainment,8,2,High,461287
1897,Female,65,72313,36,Lawyer,1,5,Average,461292
1898,Female,30,84885,9,Entertainment,6,5,Low,461292
1899,Male,46,126228,95,Marketing,8,2,High,461296
1900,Male,40,51199,29,Executive,7,7,Average,461297
1901,Female,40,54631,70,Artist,0,6,High,461297
1902,Female,20,131810,16,Healthcare,5,7,Low,461298
1903,Male,88,138482,59,Marketing,8,4,High,461299
1904,Male,85,74081,87,Healthcare,4,3,High,461299
1905,Male,94,112426,54,Engineer,9,6,High,461329
1906,Female,52,164038,53,,5,4,High,461330
1907,Female,68,53552,97,Marketing,7,6,High,461331
1908,Male,15,142147,78,Artist,8,4,High,461334
1909,Male,4,180324,41,Artist,9,2,Average,461335
1910,Male,59,149067,78,Doctor,9,7,High,461335
1911,Male,32,184408,38,Entertainment,6,7,Average,461337
1912,Female,8,59116,45,Artist,10,6,Average,461341
1913,Female,92,174786,94,Executive,4,3,High,461342
1914,Male,9,71076,2,Artist,8,1,Low,461344
1915,Female,41,56837,4,Healthcare,8,4,Low,461353
1916,Female,18,134752,47,Engineer,6,5,Average,461382
1917,Female,78,112887,80,Entertainment,9,6,High,461383
1918,Female,0,73128,74,Artist,7,5,High,461383
1919,Female,11,152765,17,Healthcare,8,1,Low,461384
1920,Female,36,140637,19,Executive,8,7,Low,461386
1921,Male,46,137973,50,Healthcare,7,7,High,461390
1922,Female,95,126791,34,Artist,6,4,Average,461409
1923,Female,97,75125,89,Executive,8,3,High,461412
1924,Male,2,101718,11,Executive,8,3,Low,461433
1925,Female,94,69654,30,Homemaker,4,4,Average,461434
1926,Female,0,105935,46,Doctor,4,5,Average,461444
1927,Male,3,74607,69,Healthcare,6,1,High,461446
1928,Male,77,151985,29,Healthcare,4,7,Average,461447
1929,Male,70,76892,64,Executive,5,2,High,461448
1930,Male,58,87602,25,Executive,5,3,Average,461449
1931,Male,72,182317,46,Healthcare,8,6,Average,461454
1932,Male,90,158280,92,Executive,6,7,High,461454
1933,Female,23,59905,79,,7,5,High,461460
1934,Female,87,128153,42,Artist,7,6,Average,461467
1935,Male,64,142612,58,Doctor,4,6,High,461480
1936,Female,15,180163,9,Doctor,10,7,Low,461480
1937,Female,14,68009,17,Artist,9,3,Low,461489
1938,Male,54,166183,65,Artist,7,6,High,461490
1939,Male,76,132537,44,Doctor,5,3,Average,461501
1940,Female,76,146308,49,Artist,5,1,Average,461505
1941,Female,52,63454,38,Artist,5,5,Average,461521
1942,Male,96,110519,6,Artist,9,4,Low,461521
1943,Female,55,66728,50,Healthcare,10,5,High,461522
1944,Female,54,170638,64,Artist,4,5,High,461522
1945,Male,19,129635,100,Artist,6,4,High,461523
1946,Male,29,133587,74,Marketing,5,3,High,461544
1947,Male,96,126225,47,Engineer,7,4,Average,461563
1948,Female,20,148776,21,Artist,8,5,Average,461564
1949,Female,91,142602,64,Lawyer,7,6,High,461564
1950,Male,37,102413,38,Healthcare,5,5,Average,461579
1951,Male,42,68765,69,Entertainment,4,1,High,461581
1952,Male,1,57522,75,Artist,10,5,High,461584
1953,Female,58,149237,80,Entertainment,8,6,High,461590
1954,Female,42,184844,24,Entertainment,6,1,Average,461606
1955,Female,48,131656,45,Lawyer,9,6,Average,461608
1956,Female,11,181026,39,Marketing,6,2,Average,461618
1957,Male,59,101698,87,Artist,9,3,High,461619
1958,Female,45,152560,32,Entertainment,9,2,Average,461619
1959,Male,73,142502,97,Doctor,5,1,High,461621
1960,Female,85,155432,21,Engineer,4,6,Average,461622
1961,Female,70,108544,49,Entertainment,4,5,Average,461626
1962,Female,52,106530,46,Engineer,7,2,Average,461626
1963,Male,70,124359,51,Homemaker,7,7,High,461635
1964,Female,88,146970,90,Artist,7,6,High,461638
1965,Male,61,182176,96,Artist,9,5,High,461646
1966,Female,46,114435,34,Artist,8,3,Average,461662
1967,Male,65,134213,32,Homemaker,8,4,Average,461666
1968,Female,84,115580,73,Entertainment,8,5,High,461674
1969,Female,76,124034,88,Executive,10,2,High,461674
1970,Male,31,67894,42,Doctor,9,1,Average,461682
1971,Male,55,107099,89,Executive,4,6,High,461683
1972,Male,45,140263,88,Entertainment,10,5,High,461683
1973,Male,98,104249,12,Engineer,5,2,Low,461687
1974,Male,40,168821,36,Executive,4,5,Average,461688
1975,Female,14,153145,59,Healthcare,8,6,High,461696
1976,Female,41,128960,43,Executive,9,4,Average,461698
1977,Male,60,127438,82,Engineer,7,2,High,461698
1978,Male,60,125968,100,Lawyer,8,2,High,461702
1979,Male,84,104589,85,Artist,10,2,High,461708
1980,Male,0,165321,93,Doctor,8,1,High,461708
1981,Female,10,86925,76,Artist,7,2,High,461714
1982,Female,62,149797,19,Artist,5,6,Low,461716
1983,Male,33,137094,68,Lawyer,4,1,High,461716
1984,Female,52,55395,41,Marketing,10,1,Average,461733
1985,Female,2,153622,51,Lawyer,6,6,High,461734
1986,Male,27,74050,44,Entertainment,8,1,Average,461735
1987,Female,4,68094,61,Doctor,4,7,High,461741
1988,Male,63,59244,80,Artist,7,1,High,461742
1989,Female,54,118944,77,Artist,4,4,High,461743
1990,Female,47,75293,55,Doctor,6,7,High,461747
1991,Female,30,166983,69,Artist,7,3,High,461747
1992,Female,97,129444,96,Entertainment,5,6,High,461754
1993,Male,94,181183,24,Marketing,9,3,Average,461760
1994,Female,64,175254,100,Artist,9,5,High,461760
1995,Female,19,54121,89,Engineer,6,3,High,461762
1996,Female,71,184387,40,Artist,8,7,Average,461768
1997,Female,91,73158,32,Doctor,7,7,Average,461773
1998,Male,87,90961,14,Healthcare,9,2,Low,461774
1999,Male,77,182109,4,Executive,7,2,Low,461775
2000,Male,90,110610,52,Entertainment,5,2,High,461775
